id,population,certificate_bytes,check_ms,checked_cells,full_proof_cells
fixture-01-overfit,fixture,667,0.443868,30,2430
fixture-01-regression,fixture,672,0.4052,31,2511
fixture-01-undefined,fixture,659,0.392591,34,2754
fixture-02-overfit,fixture,667,0.419812,29,2349
fixture-02-regression,fixture,672,0.41866,30,2430
fixture-02-undefined,fixture,659,0.33258,30,2430
fixture-03-overfit,fixture,667,0.388605,31,2511
fixture-03-regression,fixture,672,0.485551,32,2592
fixture-03-undefined,fixture,659,0.352842,35,2835
fixture-04-overfit,fixture,667,0.367153,30,2430
fixture-04-regression,fixture,672,0.417138,31,2511
fixture-04-undefined,fixture,659,0.402636,34,2754
fixture-05-overfit,fixture,667,0.401725,31,2511
fixture-05-regression,fixture,672,0.465581,32,2592
fixture-05-undefined,fixture,659,0.360393,35,2835
fixture-06-overfit,fixture,667,0.37219,30,2430
fixture-06-regression,fixture,672,0.41168,31,2511
fixture-06-undefined,fixture,659,0.368976,34,2754
fixture-07-overfit,fixture,685,0.376346,31,2511
fixture-07-regression,fixture,699,0.391129,32,2592
fixture-07-undefined,fixture,677,0.840967,35,2835
fixture-08-overfit,fixture,685,0.396458,34,2754
fixture-08-regression,fixture,699,0.467604,36,2916
fixture-08-undefined,fixture,677,0.389016,38,3078
fixture-09-overfit,fixture,667,0.424149,46,3726
fixture-09-regression,fixture,672,0.527204,47,3807
fixture-09-undefined,fixture,659,0.470689,45,3645
fixture-10-overfit,fixture,667,0.429377,46,3726
fixture-10-regression,fixture,672,0.459782,47,3807
fixture-10-undefined,fixture,659,0.406402,45,3645
fixture-11-overfit,fixture,667,0.399381,41,3321
fixture-11-regression,fixture,672,0.401164,42,3402
fixture-11-undefined,fixture,659,0.370498,37,2997
fixture-12-overfit,fixture,667,0.377379,41,3321
fixture-12-regression,fixture,672,0.493423,42,3402
fixture-12-undefined,fixture,659,0.426772,37,2997
fixture-13-overfit,fixture,673,0.505141,34,2754
fixture-13-regression,fixture,678,0.48449,35,2835
fixture-13-undefined,fixture,659,0.907206,40,3240
fixture-14-overfit,fixture,673,0.665682,34,2754
fixture-14-regression,fixture,678,0.435726,35,2835
fixture-14-undefined,fixture,659,0.450589,40,3240
fixture-15-overfit,fixture,673,0.457029,33,2673
fixture-15-regression,fixture,678,0.457319,34,2754
fixture-15-undefined,fixture,659,0.441175,36,2916
fixture-16-overfit,fixture,673,0.639333,44,3564
fixture-16-regression,fixture,678,0.505801,45,3645
fixture-16-undefined,fixture,659,0.437859,42,3402
fixture-17-overfit,fixture,673,0.600815,50,4050
fixture-17-regression,fixture,678,0.600504,51,4131
fixture-17-undefined,fixture,659,0.517038,49,3969
fixture-18-overfit,fixture,673,0.555616,37,2997
fixture-18-regression,fixture,678,0.641706,38,3078
fixture-18-undefined,fixture,659,0.585803,42,3402
fixture-19-overfit,fixture,667,0.655177,30,2430
fixture-19-regression,fixture,672,0.422957,31,2511
fixture-19-undefined,fixture,659,0.353923,31,2511
fixture-20-overfit,fixture,673,0.826154,34,2754
fixture-20-regression,fixture,678,0.476688,35,2835
fixture-20-undefined,fixture,659,0.454264,37,2997
stress-002-overfit,stress,667,0.532823,40,3240
stress-003-regression,stress,672,0.555827,40,3240
stress-004-undefined,stress,659,0.4185,44,3564
stress-006-overfit,stress,667,0.469978,40,3240
stress-007-regression,stress,672,0.471319,40,3240
stress-008-undefined,stress,659,0.444009,44,3564
stress-010-overfit,stress,667,0.478871,39,3159
stress-011-regression,stress,672,0.510759,41,3321
stress-012-undefined,stress,659,0.412621,43,3483
stress-014-overfit,stress,667,0.446773,38,3078
stress-015-regression,stress,672,0.442056,40,3240
stress-016-undefined,stress,659,0.422787,44,3564
stress-018-overfit,stress,667,0.440584,39,3159
stress-019-regression,stress,672,0.521555,40,3240
stress-020-undefined,stress,659,0.63087,43,3483
stress-022-overfit,stress,667,0.471911,39,3159
stress-023-regression,stress,672,0.470949,39,3159
stress-024-undefined,stress,659,0.41838,43,3483
stress-026-overfit,stress,667,0.609468,40,3240
stress-027-regression,stress,672,0.447544,40,3240
stress-028-undefined,stress,659,0.428846,44,3564
stress-030-overfit,stress,667,0.44469,38,3078
stress-031-regression,stress,672,0.512402,40,3240
stress-032-undefined,stress,659,0.566023,44,3564
stress-034-overfit,stress,667,0.439712,39,3159
stress-035-regression,stress,672,0.441675,40,3240
stress-036-undefined,stress,659,0.412682,42,3402
stress-038-overfit,stress,667,0.460764,40,3240
stress-039-regression,stress,672,0.472091,41,3321
stress-040-undefined,stress,659,0.440173,43,3483
stress-042-overfit,stress,667,0.464229,40,3240
stress-043-regression,stress,672,0.495306,41,3321
stress-044-undefined,stress,659,0.419803,44,3564
stress-046-overfit,stress,667,0.44446,40,3240
stress-047-regression,stress,672,0.448676,39,3159
stress-048-undefined,stress,659,0.439562,44,3564
stress-050-overfit,stress,667,0.483458,40,3240
stress-051-regression,stress,672,0.448606,41,3321
stress-052-undefined,stress,659,0.444239,43,3483
stress-054-overfit,stress,667,0.441345,40,3240
stress-055-regression,stress,672,0.492883,41,3321
stress-056-undefined,stress,659,0.433373,43,3483
stress-058-overfit,stress,667,0.461425,38,3078
stress-059-regression,stress,672,0.499062,41,3321
stress-060-undefined,stress,659,0.43198,44,3564
stress-062-overfit,stress,667,0.4449,39,3159
stress-063-regression,stress,672,0.456147,41,3321
stress-064-undefined,stress,659,0.425311,43,3483
stress-066-overfit,stress,667,0.636679,39,3159
stress-067-regression,stress,672,0.478791,40,3240
stress-068-undefined,stress,659,0.529056,43,3483
stress-070-overfit,stress,667,0.478721,40,3240
stress-071-regression,stress,672,0.481425,40,3240
stress-072-undefined,stress,659,0.45144,43,3483
stress-074-overfit,stress,667,0.454855,40,3240
stress-075-regression,stress,672,0.638912,39,3159
stress-076-undefined,stress,659,0.43179,44,3564
stress-078-overfit,stress,667,0.468936,39,3159
stress-079-regression,stress,672,0.525562,40,3240
stress-080-undefined,stress,659,0.45124,43,3483
stress-082-overfit,stress,667,0.91663,40,3240
stress-083-regression,stress,672,0.49795,41,3321
stress-084-undefined,stress,659,0.517409,44,3564
stress-086-overfit,stress,667,0.440263,39,3159
stress-087-regression,stress,672,0.904602,41,3321
stress-088-undefined,stress,659,0.430819,42,3402
stress-090-overfit,stress,667,0.754566,40,3240
stress-091-regression,stress,672,0.454785,40,3240
stress-092-undefined,stress,659,0.722307,42,3402
stress-094-overfit,stress,667,0.535166,39,3159
stress-095-regression,stress,672,0.459632,40,3240
stress-096-undefined,stress,659,0.463579,43,3483
stress-098-overfit,stress,667,0.445932,39,3159
stress-099-regression,stress,672,0.474584,41,3321
stress-100-undefined,stress,659,0.463919,43,3483
stress-102-overfit,stress,667,0.432852,39,3159
stress-103-regression,stress,672,0.648827,39,3159
stress-104-undefined,stress,659,0.499733,43,3483
stress-106-overfit,stress,667,0.47126,39,3159
stress-107-regression,stress,672,0.467214,41,3321
stress-108-undefined,stress,659,0.419632,44,3564
stress-110-overfit,stress,667,0.468465,40,3240
stress-111-regression,stress,672,0.449357,40,3240
stress-112-undefined,stress,659,0.594505,44,3564
stress-114-overfit,stress,667,0.442657,39,3159
stress-115-regression,stress,672,0.448145,40,3240
stress-116-undefined,stress,659,0.542507,44,3564
stress-118-overfit,stress,667,0.44491,39,3159
stress-119-regression,stress,672,0.63728,41,3321
stress-120-undefined,stress,659,0.445641,43,3483
stress-122-overfit,stress,667,0.460864,39,3159
stress-123-regression,stress,672,0.514785,41,3321
stress-124-undefined,stress,659,0.461355,43,3483
stress-126-overfit,stress,667,0.465662,39,3159
stress-127-regression,stress,672,0.494835,40,3240
stress-128-undefined,stress,659,0.415325,44,3564
stress-130-overfit,stress,667,0.443428,40,3240
stress-131-regression,stress,672,0.469657,40,3240
stress-132-undefined,stress,659,0.456627,43,3483
stress-134-overfit,stress,667,0.479593,40,3240
stress-135-regression,stress,672,0.440974,40,3240
stress-136-undefined,stress,659,0.437018,44,3564
stress-138-overfit,stress,667,0.445501,39,3159
stress-139-regression,stress,672,0.589478,41,3321
stress-140-undefined,stress,659,0.529046,43,3483
stress-142-overfit,stress,667,0.522497,40,3240
stress-143-regression,stress,672,0.653514,40,3240
stress-144-undefined,stress,659,0.420754,42,3402
stress-146-overfit,stress,667,0.445741,39,3159
stress-147-regression,stress,672,0.505071,41,3321
stress-148-undefined,stress,659,0.463298,44,3564
stress-150-overfit,stress,667,0.49125,40,3240
stress-151-regression,stress,672,0.448766,41,3321
stress-152-undefined,stress,659,0.437869,44,3564
stress-154-overfit,stress,667,0.437739,39,3159
stress-155-regression,stress,672,0.486222,40,3240
stress-156-undefined,stress,659,0.510298,44,3564
stress-158-overfit,stress,667,0.495426,40,3240
stress-159-regression,stress,672,0.447193,41,3321
stress-160-undefined,stress,659,0.474525,43,3483
stress-162-overfit,stress,667,0.483598,40,3240
stress-163-regression,stress,672,0.443699,41,3321
stress-164-undefined,stress,659,0.593063,44,3564
stress-166-overfit,stress,667,0.43824,37,2997
stress-167-regression,stress,672,0.5646,40,3240
stress-168-undefined,stress,659,0.427754,42,3402
stress-170-overfit,stress,667,0.53121,39,3159
stress-171-regression,stress,672,0.45176,40,3240
stress-172-undefined,stress,659,0.425581,44,3564
stress-174-overfit,stress,667,0.430468,40,3240
stress-175-regression,stress,672,0.442055,41,3321
stress-176-undefined,stress,659,0.424319,43,3483
stress-178-overfit,stress,667,0.444309,40,3240
stress-179-regression,stress,672,0.465792,39,3159
stress-180-undefined,stress,659,0.446883,44,3564
stress-182-overfit,stress,667,0.45168,40,3240
stress-183-regression,stress,672,1.327489,39,3159
stress-184-undefined,stress,659,0.429537,44,3564
stress-186-overfit,stress,667,0.450418,39,3159
stress-187-regression,stress,672,0.588015,41,3321
stress-188-undefined,stress,659,0.421394,42,3402
stress-190-overfit,stress,667,0.99588,39,3159
stress-191-regression,stress,672,0.452962,41,3321
stress-192-undefined,stress,659,0.4651,43,3483
stress-194-overfit,stress,667,0.481525,39,3159
stress-195-regression,stress,672,0.800065,41,3321
stress-196-undefined,stress,659,0.497359,43,3483
stress-198-overfit,stress,667,0.551581,40,3240
stress-199-regression,stress,672,0.456037,40,3240
stress-200-undefined,stress,659,0.599342,43,3483
stress-202-overfit,stress,667,0.442437,39,3159
stress-203-regression,stress,672,0.623239,41,3321
stress-204-undefined,stress,659,0.449347,44,3564
stress-206-overfit,stress,667,0.474544,40,3240
stress-207-regression,stress,672,0.466312,41,3321
stress-208-undefined,stress,659,0.494805,43,3483
stress-210-overfit,stress,667,0.434654,39,3159
stress-211-regression,stress,672,0.49804,39,3159
stress-212-undefined,stress,659,0.419982,43,3483
stress-214-overfit,stress,667,0.540464,39,3159
stress-215-regression,stress,672,0.466572,41,3321
stress-216-undefined,stress,659,0.509427,44,3564
stress-218-overfit,stress,667,0.497369,38,3078
stress-219-regression,stress,672,0.445821,41,3321
stress-220-undefined,stress,659,0.565822,44,3564
stress-222-overfit,stress,667,0.459342,38,3078
stress-223-regression,stress,672,0.457459,40,3240
stress-224-undefined,stress,659,0.412541,44,3564
stress-226-overfit,stress,667,0.49113,40,3240
stress-227-regression,stress,672,0.481344,41,3321
stress-228-undefined,stress,659,0.414764,43,3483
stress-230-overfit,stress,667,0.475636,40,3240
stress-231-regression,stress,672,0.483227,40,3240
stress-232-undefined,stress,659,0.422156,43,3483
stress-234-overfit,stress,667,0.455736,38,3078
stress-235-regression,stress,672,0.569778,40,3240
stress-236-undefined,stress,659,0.420002,44,3564
stress-238-overfit,stress,667,0.449487,40,3240
stress-239-regression,stress,672,0.498831,40,3240
stress-240-undefined,stress,659,0.448515,43,3483
stress-242-overfit,stress,667,0.437208,39,3159
stress-243-regression,stress,672,0.534044,39,3159
stress-244-undefined,stress,659,0.447153,43,3483
stress-246-overfit,stress,667,0.771441,39,3159
stress-247-regression,stress,672,0.488095,41,3321
stress-248-undefined,stress,659,0.474595,43,3483
stress-250-overfit,stress,667,0.475256,40,3240
stress-251-regression,stress,672,0.454976,40,3240
stress-252-undefined,stress,659,0.470108,44,3564
stress-254-overfit,stress,667,0.665442,39,3159
stress-255-regression,stress,672,0.473773,41,3321
stress-256-undefined,stress,659,0.410979,42,3402
stress-258-overfit,stress,667,0.571931,40,3240
stress-259-regression,stress,672,0.494845,40,3240
stress-260-undefined,stress,659,0.436006,44,3564
stress-262-overfit,stress,667,0.440133,39,3159
stress-263-regression,stress,672,0.453152,41,3321
stress-264-undefined,stress,659,0.424149,44,3564
stress-266-overfit,stress,667,0.441255,40,3240
stress-267-regression,stress,672,0.4911,40,3240
stress-268-undefined,stress,659,0.441304,43,3483
stress-270-overfit,stress,667,0.52398,39,3159
stress-271-regression,stress,672,0.44454,41,3321
stress-272-undefined,stress,659,0.424259,44,3564
stress-274-overfit,stress,667,0.466262,39,3159
stress-275-regression,stress,672,0.624831,40,3240
stress-276-undefined,stress,659,0.456597,43,3483
stress-278-overfit,stress,667,0.475607,39,3159
stress-279-regression,stress,672,0.448947,40,3240
stress-280-undefined,stress,659,0.414804,44,3564
stress-282-overfit,stress,667,0.488075,40,3240
stress-283-regression,stress,672,0.462697,40,3240
stress-284-undefined,stress,659,0.423958,43,3483
stress-286-overfit,stress,667,0.47775,40,3240
stress-287-regression,stress,672,0.442056,39,3159
stress-288-undefined,stress,659,0.413253,44,3564
stress-290-overfit,stress,667,0.474805,39,3159
stress-291-regression,stress,672,0.446332,40,3240
stress-292-undefined,stress,659,0.409326,44,3564
stress-294-overfit,stress,667,0.437399,40,3240
stress-295-regression,stress,672,0.440283,41,3321
stress-296-undefined,stress,659,0.421144,42,3402
stress-298-overfit,stress,667,0.540614,39,3159
stress-299-regression,stress,672,0.442997,41,3321
stress-300-undefined,stress,659,0.474344,42,3402
