population,id,method,milliseconds
fixture,fixture-01-correct,produce,6.563996
fixture,fixture-01-correct,proof-check,1.867592
fixture,fixture-01-correct,topological-direct,1.207168
fixture,fixture-01-correct,recursive-reconstruct,1.043902
fixture,fixture-01-overfit,produce,5.05926
fixture,fixture-01-overfit,proof-check,2.036758
fixture,fixture-01-overfit,topological-direct,49.313981
fixture,fixture-01-overfit,recursive-reconstruct,0.985604
fixture,fixture-01-overfit,one-point-refutation,0.443868
fixture,fixture-01-regression,produce,5.952024
fixture,fixture-01-regression,proof-check,2.107534
fixture,fixture-01-regression,topological-direct,1.622483
fixture,fixture-01-regression,recursive-reconstruct,1.192436
fixture,fixture-01-regression,one-point-refutation,0.4052
fixture,fixture-01-undefined,produce,6.321279
fixture,fixture-01-undefined,proof-check,2.261125
fixture,fixture-01-undefined,topological-direct,1.781663
fixture,fixture-01-undefined,recursive-reconstruct,0.625212
fixture,fixture-01-undefined,one-point-refutation,0.392591
fixture,fixture-02-correct,produce,3.330055
fixture,fixture-02-correct,proof-check,1.802925
fixture,fixture-02-correct,topological-direct,1.024002
fixture,fixture-02-correct,recursive-reconstruct,1.01614
fixture,fixture-02-overfit,produce,5.032239
fixture,fixture-02-overfit,proof-check,2.107274
fixture,fixture-02-overfit,topological-direct,1.460569
fixture,fixture-02-overfit,recursive-reconstruct,1.003121
fixture,fixture-02-overfit,one-point-refutation,0.419812
fixture,fixture-02-regression,produce,5.284428
fixture,fixture-02-regression,proof-check,2.098931
fixture,fixture-02-regression,topological-direct,1.501131
fixture,fixture-02-regression,recursive-reconstruct,1.204084
fixture,fixture-02-regression,one-point-refutation,0.41866
fixture,fixture-02-undefined,produce,5.192259
fixture,fixture-02-undefined,proof-check,2.039912
fixture,fixture-02-undefined,topological-direct,1.388371
fixture,fixture-02-undefined,recursive-reconstruct,0.618782
fixture,fixture-02-undefined,one-point-refutation,0.33258
fixture,fixture-03-correct,produce,4.343231
fixture,fixture-03-correct,proof-check,1.757417
fixture,fixture-03-correct,topological-direct,1.210202
fixture,fixture-03-correct,recursive-reconstruct,1.113417
fixture,fixture-03-overfit,produce,6.143572
fixture,fixture-03-overfit,proof-check,2.22469
fixture,fixture-03-overfit,topological-direct,1.529924
fixture,fixture-03-overfit,recursive-reconstruct,1.060598
fixture,fixture-03-overfit,one-point-refutation,0.388605
fixture,fixture-03-regression,produce,6.18242
fixture,fixture-03-regression,proof-check,2.550141
fixture,fixture-03-regression,topological-direct,1.546959
fixture,fixture-03-regression,recursive-reconstruct,1.327279
fixture,fixture-03-regression,one-point-refutation,0.485551
fixture,fixture-03-undefined,produce,7.1113
fixture,fixture-03-undefined,proof-check,2.362568
fixture,fixture-03-undefined,topological-direct,1.622153
fixture,fixture-03-undefined,recursive-reconstruct,0.799304
fixture,fixture-03-undefined,one-point-refutation,0.352842
fixture,fixture-04-correct,produce,3.752421
fixture,fixture-04-correct,proof-check,1.645278
fixture,fixture-04-correct,topological-direct,1.106246
fixture,fixture-04-correct,recursive-reconstruct,1.051183
fixture,fixture-04-overfit,produce,5.288364
fixture,fixture-04-overfit,proof-check,2.104139
fixture,fixture-04-overfit,topological-direct,1.400008
fixture,fixture-04-overfit,recursive-reconstruct,0.988208
fixture,fixture-04-overfit,one-point-refutation,0.367153
fixture,fixture-04-regression,produce,5.638572
fixture,fixture-04-regression,proof-check,2.150569
fixture,fixture-04-regression,topological-direct,1.468412
fixture,fixture-04-regression,recursive-reconstruct,1.209171
fixture,fixture-04-regression,one-point-refutation,0.417138
fixture,fixture-04-undefined,produce,6.505477
fixture,fixture-04-undefined,proof-check,2.31022
fixture,fixture-04-undefined,topological-direct,1.583435
fixture,fixture-04-undefined,recursive-reconstruct,0.612222
fixture,fixture-04-undefined,one-point-refutation,0.402636
fixture,fixture-05-correct,produce,4.677985
fixture,fixture-05-correct,proof-check,1.788824
fixture,fixture-05-correct,topological-direct,1.253929
fixture,fixture-05-correct,recursive-reconstruct,1.174349
fixture,fixture-05-overfit,produce,6.585187
fixture,fixture-05-overfit,proof-check,2.210699
fixture,fixture-05-overfit,topological-direct,2.489259
fixture,fixture-05-overfit,recursive-reconstruct,1.089882
fixture,fixture-05-overfit,one-point-refutation,0.401725
fixture,fixture-05-regression,produce,6.670886
fixture,fixture-05-regression,proof-check,2.374126
fixture,fixture-05-regression,topological-direct,1.586449
fixture,fixture-05-regression,recursive-reconstruct,1.30838
fixture,fixture-05-regression,one-point-refutation,0.465581
fixture,fixture-05-undefined,produce,7.596971
fixture,fixture-05-undefined,proof-check,2.530831
fixture,fixture-05-undefined,topological-direct,1.784968
fixture,fixture-05-undefined,recursive-reconstruct,0.705483
fixture,fixture-05-undefined,one-point-refutation,0.360393
fixture,fixture-06-correct,produce,4.199154
fixture,fixture-06-correct,proof-check,1.720471
fixture,fixture-06-correct,topological-direct,1.196181
fixture,fixture-06-correct,recursive-reconstruct,1.141449
fixture,fixture-06-overfit,produce,5.57127
fixture,fixture-06-overfit,proof-check,2.10485
fixture,fixture-06-overfit,topological-direct,1.705739
fixture,fixture-06-overfit,recursive-reconstruct,1.053607
fixture,fixture-06-overfit,one-point-refutation,0.37219
fixture,fixture-06-regression,produce,5.611511
fixture,fixture-06-regression,proof-check,2.103658
fixture,fixture-06-regression,topological-direct,1.683215
fixture,fixture-06-regression,recursive-reconstruct,1.305726
fixture,fixture-06-regression,one-point-refutation,0.41168
fixture,fixture-06-undefined,produce,6.837076
fixture,fixture-06-undefined,proof-check,2.474336
fixture,fixture-06-undefined,topological-direct,1.57995
fixture,fixture-06-undefined,recursive-reconstruct,0.625903
fixture,fixture-06-undefined,one-point-refutation,0.368976
fixture,fixture-07-correct,produce,4.025252
fixture,fixture-07-correct,proof-check,1.730096
fixture,fixture-07-correct,topological-direct,1.126617
fixture,fixture-07-correct,recursive-reconstruct,1.0892
fixture,fixture-07-overfit,produce,5.929078
fixture,fixture-07-overfit,proof-check,2.173443
fixture,fixture-07-overfit,topological-direct,1.445327
fixture,fixture-07-overfit,recursive-reconstruct,0.882068
fixture,fixture-07-overfit,one-point-refutation,0.376346
fixture,fixture-07-regression,produce,5.710169
fixture,fixture-07-regression,proof-check,2.241666
fixture,fixture-07-regression,topological-direct,1.534211
fixture,fixture-07-regression,recursive-reconstruct,1.323123
fixture,fixture-07-regression,one-point-refutation,0.391129
fixture,fixture-07-undefined,produce,6.848745
fixture,fixture-07-undefined,proof-check,3.553931
fixture,fixture-07-undefined,topological-direct,1.914693
fixture,fixture-07-undefined,recursive-reconstruct,0.862249
fixture,fixture-07-undefined,one-point-refutation,0.840967
fixture,fixture-08-correct,produce,5.377859
fixture,fixture-08-correct,proof-check,1.941534
fixture,fixture-08-correct,topological-direct,1.292456
fixture,fixture-08-correct,recursive-reconstruct,1.207889
fixture,fixture-08-overfit,produce,6.983377
fixture,fixture-08-overfit,proof-check,2.646226
fixture,fixture-08-overfit,topological-direct,1.580781
fixture,fixture-08-overfit,recursive-reconstruct,1.056582
fixture,fixture-08-overfit,one-point-refutation,0.396458
fixture,fixture-08-regression,produce,6.901033
fixture,fixture-08-regression,proof-check,2.440896
fixture,fixture-08-regression,topological-direct,1.683976
fixture,fixture-08-regression,recursive-reconstruct,1.312066
fixture,fixture-08-regression,one-point-refutation,0.467604
fixture,fixture-08-undefined,produce,7.594386
fixture,fixture-08-undefined,proof-check,2.58298
fixture,fixture-08-undefined,topological-direct,1.823506
fixture,fixture-08-undefined,recursive-reconstruct,0.700064
fixture,fixture-08-undefined,one-point-refutation,0.389016
fixture,fixture-09-correct,produce,9.891597
fixture,fixture-09-correct,proof-check,2.607537
fixture,fixture-09-correct,topological-direct,1.819641
fixture,fixture-09-correct,recursive-reconstruct,1.22825
fixture,fixture-09-overfit,produce,13.072458
fixture,fixture-09-overfit,proof-check,3.038526
fixture,fixture-09-overfit,topological-direct,2.263479
fixture,fixture-09-overfit,recursive-reconstruct,0.973326
fixture,fixture-09-overfit,one-point-refutation,0.424149
fixture,fixture-09-regression,produce,13.471448
fixture,fixture-09-regression,proof-check,3.184726
fixture,fixture-09-regression,topological-direct,2.295997
fixture,fixture-09-regression,recursive-reconstruct,1.608723
fixture,fixture-09-regression,one-point-refutation,0.527204
fixture,fixture-09-undefined,produce,11.428952
fixture,fixture-09-undefined,proof-check,3.050565
fixture,fixture-09-undefined,topological-direct,2.17821
fixture,fixture-09-undefined,recursive-reconstruct,0.706304
fixture,fixture-09-undefined,one-point-refutation,0.470689
fixture,fixture-10-correct,produce,9.966089
fixture,fixture-10-correct,proof-check,2.604161
fixture,fixture-10-correct,topological-direct,1.763976
fixture,fixture-10-correct,recursive-reconstruct,1.250954
fixture,fixture-10-overfit,produce,12.625043
fixture,fixture-10-overfit,proof-check,3.261852
fixture,fixture-10-overfit,topological-direct,2.241025
fixture,fixture-10-overfit,recursive-reconstruct,1.010752
fixture,fixture-10-overfit,one-point-refutation,0.429377
fixture,fixture-10-regression,produce,12.929051
fixture,fixture-10-regression,proof-check,3.38711
fixture,fixture-10-regression,topological-direct,2.331501
fixture,fixture-10-regression,recursive-reconstruct,1.228299
fixture,fixture-10-regression,one-point-refutation,0.459782
fixture,fixture-10-undefined,produce,12.102106
fixture,fixture-10-undefined,proof-check,3.118777
fixture,fixture-10-undefined,topological-direct,2.19148
fixture,fixture-10-undefined,recursive-reconstruct,0.7174
fixture,fixture-10-undefined,one-point-refutation,0.406402
fixture,fixture-11-correct,produce,5.499592
fixture,fixture-11-correct,proof-check,1.982426
fixture,fixture-11-correct,topological-direct,1.312136
fixture,fixture-11-correct,recursive-reconstruct,1.224314
fixture,fixture-11-overfit,produce,9.573268
fixture,fixture-11-overfit,proof-check,3.279609
fixture,fixture-11-overfit,topological-direct,2.053783
fixture,fixture-11-overfit,recursive-reconstruct,0.855669
fixture,fixture-11-overfit,one-point-refutation,0.399381
fixture,fixture-11-regression,produce,9.58765
fixture,fixture-11-regression,proof-check,2.774378
fixture,fixture-11-regression,topological-direct,2.01846
fixture,fixture-11-regression,recursive-reconstruct,1.548762
fixture,fixture-11-regression,one-point-refutation,0.401164
fixture,fixture-11-undefined,produce,7.573736
fixture,fixture-11-undefined,proof-check,2.586906
fixture,fixture-11-undefined,topological-direct,1.749334
fixture,fixture-11-undefined,recursive-reconstruct,0.647475
fixture,fixture-11-undefined,one-point-refutation,0.370498
fixture,fixture-12-correct,produce,5.43175
fixture,fixture-12-correct,proof-check,2.206754
fixture,fixture-12-correct,topological-direct,1.310454
fixture,fixture-12-correct,recursive-reconstruct,1.000587
fixture,fixture-12-overfit,produce,9.311673
fixture,fixture-12-overfit,proof-check,2.903893
fixture,fixture-12-overfit,topological-direct,1.882656
fixture,fixture-12-overfit,recursive-reconstruct,1.070793
fixture,fixture-12-overfit,one-point-refutation,0.377379
fixture,fixture-12-regression,produce,9.584494
fixture,fixture-12-regression,proof-check,3.138837
fixture,fixture-12-regression,topological-direct,2.003166
fixture,fixture-12-regression,recursive-reconstruct,1.111263
fixture,fixture-12-regression,one-point-refutation,0.493423
fixture,fixture-12-undefined,produce,7.825686
fixture,fixture-12-undefined,proof-check,2.527707
fixture,fixture-12-undefined,topological-direct,1.720241
fixture,fixture-12-undefined,recursive-reconstruct,0.8233
fixture,fixture-12-undefined,one-point-refutation,0.426772
fixture,fixture-13-correct,produce,5.080191
fixture,fixture-13-correct,proof-check,2.024399
fixture,fixture-13-correct,topological-direct,1.584536
fixture,fixture-13-correct,recursive-reconstruct,1.390264
fixture,fixture-13-overfit,produce,7.138811
fixture,fixture-13-overfit,proof-check,2.446614
fixture,fixture-13-overfit,topological-direct,1.769164
fixture,fixture-13-overfit,recursive-reconstruct,1.154229
fixture,fixture-13-overfit,one-point-refutation,0.505141
fixture,fixture-13-regression,produce,6.908624
fixture,fixture-13-regression,proof-check,2.831794
fixture,fixture-13-regression,topological-direct,1.855474
fixture,fixture-13-regression,recursive-reconstruct,1.453589
fixture,fixture-13-regression,one-point-refutation,0.48449
fixture,fixture-13-undefined,produce,17.06526
fixture,fixture-13-undefined,proof-check,5.151563
fixture,fixture-13-undefined,topological-direct,2.068365
fixture,fixture-13-undefined,recursive-reconstruct,0.863
fixture,fixture-13-undefined,one-point-refutation,0.907206
fixture,fixture-14-correct,produce,6.999992
fixture,fixture-14-correct,proof-check,2.578503
fixture,fixture-14-correct,topological-direct,2.398723
fixture,fixture-14-correct,recursive-reconstruct,1.966832
fixture,fixture-14-overfit,produce,7.533445
fixture,fixture-14-overfit,proof-check,2.541608
fixture,fixture-14-overfit,topological-direct,1.847903
fixture,fixture-14-overfit,recursive-reconstruct,1.143632
fixture,fixture-14-overfit,one-point-refutation,0.665682
fixture,fixture-14-regression,produce,7.304881
fixture,fixture-14-regression,proof-check,2.521677
fixture,fixture-14-regression,topological-direct,1.714832
fixture,fixture-14-regression,recursive-reconstruct,1.510294
fixture,fixture-14-regression,one-point-refutation,0.435726
fixture,fixture-14-undefined,produce,8.551809
fixture,fixture-14-undefined,proof-check,3.132477
fixture,fixture-14-undefined,topological-direct,2.07798
fixture,fixture-14-undefined,recursive-reconstruct,0.828208
fixture,fixture-14-undefined,one-point-refutation,0.450589
fixture,fixture-15-correct,produce,4.172243
fixture,fixture-15-correct,proof-check,1.964869
fixture,fixture-15-correct,topological-direct,1.233858
fixture,fixture-15-correct,recursive-reconstruct,1.289482
fixture,fixture-15-overfit,produce,6.704858
fixture,fixture-15-overfit,proof-check,2.504732
fixture,fixture-15-overfit,topological-direct,1.724056
fixture,fixture-15-overfit,recursive-reconstruct,1.233758
fixture,fixture-15-overfit,one-point-refutation,0.457029
fixture,fixture-15-regression,produce,6.851588
fixture,fixture-15-regression,proof-check,2.52327
fixture,fixture-15-regression,topological-direct,1.733601
fixture,fixture-15-regression,recursive-reconstruct,1.509453
fixture,fixture-15-regression,one-point-refutation,0.457319
fixture,fixture-15-undefined,produce,8.321622
fixture,fixture-15-undefined,proof-check,3.20736
fixture,fixture-15-undefined,topological-direct,2.188666
fixture,fixture-15-undefined,recursive-reconstruct,1.084793
fixture,fixture-15-undefined,one-point-refutation,0.441175
fixture,fixture-16-correct,produce,6.640039
fixture,fixture-16-correct,proof-check,2.242848
fixture,fixture-16-correct,topological-direct,1.588783
fixture,fixture-16-correct,recursive-reconstruct,1.328611
fixture,fixture-16-overfit,produce,13.456014
fixture,fixture-16-overfit,proof-check,3.483556
fixture,fixture-16-overfit,topological-direct,2.552394
fixture,fixture-16-overfit,recursive-reconstruct,1.270233
fixture,fixture-16-overfit,one-point-refutation,0.639333
fixture,fixture-16-regression,produce,13.074029
fixture,fixture-16-regression,proof-check,3.808796
fixture,fixture-16-regression,topological-direct,2.372233
fixture,fixture-16-regression,recursive-reconstruct,1.549974
fixture,fixture-16-regression,one-point-refutation,0.505801
fixture,fixture-16-undefined,produce,10.806124
fixture,fixture-16-undefined,proof-check,3.262693
fixture,fixture-16-undefined,topological-direct,2.265562
fixture,fixture-16-undefined,recursive-reconstruct,1.248631
fixture,fixture-16-undefined,one-point-refutation,0.437859
fixture,fixture-17-correct,produce,10.473804
fixture,fixture-17-correct,proof-check,3.008792
fixture,fixture-17-correct,topological-direct,1.963247
fixture,fixture-17-correct,recursive-reconstruct,1.500099
fixture,fixture-17-overfit,produce,15.133
fixture,fixture-17-overfit,proof-check,3.710988
fixture,fixture-17-overfit,topological-direct,2.664653
fixture,fixture-17-overfit,recursive-reconstruct,1.263243
fixture,fixture-17-overfit,one-point-refutation,0.600815
fixture,fixture-17-regression,produce,16.565027
fixture,fixture-17-regression,proof-check,3.834094
fixture,fixture-17-regression,topological-direct,2.836632
fixture,fixture-17-regression,recursive-reconstruct,1.896366
fixture,fixture-17-regression,one-point-refutation,0.600504
fixture,fixture-17-undefined,produce,13.053438
fixture,fixture-17-undefined,proof-check,3.589055
fixture,fixture-17-undefined,topological-direct,2.577502
fixture,fixture-17-undefined,recursive-reconstruct,0.871232
fixture,fixture-17-undefined,one-point-refutation,0.517038
fixture,fixture-18-correct,produce,5.514135
fixture,fixture-18-correct,proof-check,2.200344
fixture,fixture-18-correct,topological-direct,1.52766
fixture,fixture-18-correct,recursive-reconstruct,1.401731
fixture,fixture-18-overfit,produce,7.495098
fixture,fixture-18-overfit,proof-check,2.675098
fixture,fixture-18-overfit,topological-direct,1.877678
fixture,fixture-18-overfit,recursive-reconstruct,1.323313
fixture,fixture-18-overfit,one-point-refutation,0.555616
fixture,fixture-18-regression,produce,8.058235
fixture,fixture-18-regression,proof-check,3.997566
fixture,fixture-18-regression,topological-direct,2.225392
fixture,fixture-18-regression,recursive-reconstruct,1.645829
fixture,fixture-18-regression,one-point-refutation,0.641706
fixture,fixture-18-undefined,produce,9.941142
fixture,fixture-18-undefined,proof-check,3.239799
fixture,fixture-18-undefined,topological-direct,2.135516
fixture,fixture-18-undefined,recursive-reconstruct,0.970752
fixture,fixture-18-undefined,one-point-refutation,0.585803
fixture,fixture-19-correct,produce,3.504357
fixture,fixture-19-correct,proof-check,1.62715
fixture,fixture-19-correct,topological-direct,1.072335
fixture,fixture-19-correct,recursive-reconstruct,1.211044
fixture,fixture-19-overfit,produce,6.132676
fixture,fixture-19-overfit,proof-check,2.123548
fixture,fixture-19-overfit,topological-direct,1.455141
fixture,fixture-19-overfit,recursive-reconstruct,0.96949
fixture,fixture-19-overfit,one-point-refutation,0.655177
fixture,fixture-19-regression,produce,7.200894
fixture,fixture-19-regression,proof-check,2.222226
fixture,fixture-19-regression,topological-direct,1.605988
fixture,fixture-19-regression,recursive-reconstruct,1.406829
fixture,fixture-19-regression,one-point-refutation,0.422957
fixture,fixture-19-undefined,produce,6.14175
fixture,fixture-19-undefined,proof-check,2.744003
fixture,fixture-19-undefined,topological-direct,1.576634
fixture,fixture-19-undefined,recursive-reconstruct,0.701416
fixture,fixture-19-undefined,one-point-refutation,0.353923
fixture,fixture-20-correct,produce,5.950791
fixture,fixture-20-correct,proof-check,2.176618
fixture,fixture-20-correct,topological-direct,1.479058
fixture,fixture-20-correct,recursive-reconstruct,1.455041
fixture,fixture-20-overfit,produce,7.856753
fixture,fixture-20-overfit,proof-check,2.744644
fixture,fixture-20-overfit,topological-direct,1.701532
fixture,fixture-20-overfit,recursive-reconstruct,1.493028
fixture,fixture-20-overfit,one-point-refutation,0.826154
fixture,fixture-20-regression,produce,7.864184
fixture,fixture-20-regression,proof-check,2.81552
fixture,fixture-20-regression,topological-direct,1.831939
fixture,fixture-20-regression,recursive-reconstruct,1.391926
fixture,fixture-20-regression,one-point-refutation,0.476688
fixture,fixture-20-undefined,produce,7.990354
fixture,fixture-20-undefined,proof-check,2.967378
fixture,fixture-20-undefined,topological-direct,1.873101
fixture,fixture-20-undefined,recursive-reconstruct,0.882519
fixture,fixture-20-undefined,one-point-refutation,0.454264
stress,stress-001-correct,produce,7.935231
stress,stress-001-correct,proof-check,1.935185
stress,stress-001-correct,topological-direct,1.251575
stress,stress-001-correct,recursive-reconstruct,1.241069
stress,stress-002-overfit,produce,10.500704
stress,stress-002-overfit,proof-check,2.462698
stress,stress-002-overfit,topological-direct,2.393976
stress,stress-002-overfit,recursive-reconstruct,1.104183
stress,stress-002-overfit,one-point-refutation,0.532823
stress,stress-003-regression,produce,10.712313
stress,stress-003-regression,proof-check,2.454737
stress,stress-003-regression,topological-direct,1.516334
stress,stress-003-regression,recursive-reconstruct,1.370453
stress,stress-003-regression,one-point-refutation,0.555827
stress,stress-004-undefined,produce,11.685889
stress,stress-004-undefined,proof-check,2.449549
stress,stress-004-undefined,topological-direct,1.70001
stress,stress-004-undefined,recursive-reconstruct,0.792774
stress,stress-004-undefined,one-point-refutation,0.4185
stress,stress-005-correct,produce,8.466841
stress,stress-005-correct,proof-check,2.151971
stress,stress-005-correct,topological-direct,1.277073
stress,stress-005-correct,recursive-reconstruct,1.250434
stress,stress-006-overfit,produce,10.110847
stress,stress-006-overfit,proof-check,2.306254
stress,stress-006-overfit,topological-direct,1.507931
stress,stress-006-overfit,recursive-reconstruct,1.06896
stress,stress-006-overfit,one-point-refutation,0.469978
stress,stress-007-regression,produce,10.266591
stress,stress-007-regression,proof-check,2.300214
stress,stress-007-regression,topological-direct,1.530334
stress,stress-007-regression,recursive-reconstruct,1.322021
stress,stress-007-regression,one-point-refutation,0.471319
stress,stress-008-undefined,produce,11.569153
stress,stress-008-undefined,proof-check,2.63588
stress,stress-008-undefined,topological-direct,1.718108
stress,stress-008-undefined,recursive-reconstruct,0.809519
stress,stress-008-undefined,one-point-refutation,0.444009
stress,stress-009-correct,produce,8.04097
stress,stress-009-correct,proof-check,1.980112
stress,stress-009-correct,topological-direct,1.399678
stress,stress-009-correct,recursive-reconstruct,1.263382
stress,stress-010-overfit,produce,10.091679
stress,stress-010-overfit,proof-check,2.466985
stress,stress-010-overfit,topological-direct,1.460229
stress,stress-010-overfit,recursive-reconstruct,1.118975
stress,stress-010-overfit,one-point-refutation,0.478871
stress,stress-011-regression,produce,10.126421
stress,stress-011-regression,proof-check,2.634267
stress,stress-011-regression,topological-direct,1.543625
stress,stress-011-regression,recursive-reconstruct,1.422843
stress,stress-011-regression,one-point-refutation,0.510759
stress,stress-012-undefined,produce,11.809946
stress,stress-012-undefined,proof-check,2.512053
stress,stress-012-undefined,topological-direct,1.837267
stress,stress-012-undefined,recursive-reconstruct,0.785624
stress,stress-012-undefined,one-point-refutation,0.412621
stress,stress-013-correct,produce,8.241932
stress,stress-013-correct,proof-check,2.122557
stress,stress-013-correct,topological-direct,1.347239
stress,stress-013-correct,recursive-reconstruct,1.388301
stress,stress-014-overfit,produce,9.653429
stress,stress-014-overfit,proof-check,2.2771
stress,stress-014-overfit,topological-direct,1.485938
stress,stress-014-overfit,recursive-reconstruct,1.064343
stress,stress-014-overfit,one-point-refutation,0.446773
stress,stress-015-regression,produce,10.418471
stress,stress-015-regression,proof-check,2.362328
stress,stress-015-regression,topological-direct,1.494862
stress,stress-015-regression,recursive-reconstruct,1.35454
stress,stress-015-regression,one-point-refutation,0.442056
stress,stress-016-undefined,produce,59.556732
stress,stress-016-undefined,proof-check,2.59592
stress,stress-016-undefined,topological-direct,1.668503
stress,stress-016-undefined,recursive-reconstruct,0.86352
stress,stress-016-undefined,one-point-refutation,0.422787
stress,stress-017-correct,produce,7.794188
stress,stress-017-correct,proof-check,2.015596
stress,stress-017-correct,topological-direct,1.267969
stress,stress-017-correct,recursive-reconstruct,1.349722
stress,stress-018-overfit,produce,9.959589
stress,stress-018-overfit,proof-check,2.507516
stress,stress-018-overfit,topological-direct,1.541351
stress,stress-018-overfit,recursive-reconstruct,1.057573
stress,stress-018-overfit,one-point-refutation,0.440584
stress,stress-019-regression,produce,10.01362
stress,stress-019-regression,proof-check,2.321106
stress,stress-019-regression,topological-direct,1.559589
stress,stress-019-regression,recursive-reconstruct,1.652128
stress,stress-019-regression,one-point-refutation,0.521555
stress,stress-020-undefined,produce,11.20148
stress,stress-020-undefined,proof-check,2.460546
stress,stress-020-undefined,topological-direct,1.587692
stress,stress-020-undefined,recursive-reconstruct,0.932805
stress,stress-020-undefined,one-point-refutation,0.63087
stress,stress-021-correct,produce,8.14057
stress,stress-021-correct,proof-check,2.081735
stress,stress-021-correct,topological-direct,1.302601
stress,stress-021-correct,recursive-reconstruct,1.325626
stress,stress-022-overfit,produce,10.251619
stress,stress-022-overfit,proof-check,2.493756
stress,stress-022-overfit,topological-direct,2.505183
stress,stress-022-overfit,recursive-reconstruct,1.149771
stress,stress-022-overfit,one-point-refutation,0.471911
stress,stress-023-regression,produce,10.039059
stress,stress-023-regression,proof-check,2.354776
stress,stress-023-regression,topological-direct,1.532448
stress,stress-023-regression,recursive-reconstruct,1.420149
stress,stress-023-regression,one-point-refutation,0.470949
stress,stress-024-undefined,produce,12.134875
stress,stress-024-undefined,proof-check,2.663932
stress,stress-024-undefined,topological-direct,1.620431
stress,stress-024-undefined,recursive-reconstruct,0.797902
stress,stress-024-undefined,one-point-refutation,0.41838
stress,stress-025-correct,produce,9.630384
stress,stress-025-correct,proof-check,1.99872
stress,stress-025-correct,topological-direct,1.323473
stress,stress-025-correct,recursive-reconstruct,1.608903
stress,stress-026-overfit,produce,9.817345
stress,stress-026-overfit,proof-check,2.311772
stress,stress-026-overfit,topological-direct,1.480911
stress,stress-026-overfit,recursive-reconstruct,1.057433
stress,stress-026-overfit,one-point-refutation,0.609468
stress,stress-027-regression,produce,10.470659
stress,stress-027-regression,proof-check,2.771874
stress,stress-027-regression,topological-direct,1.68021
stress,stress-027-regression,recursive-reconstruct,1.75302
stress,stress-027-regression,one-point-refutation,0.447544
stress,stress-028-undefined,produce,11.636645
stress,stress-028-undefined,proof-check,2.534226
stress,stress-028-undefined,topological-direct,1.675683
stress,stress-028-undefined,recursive-reconstruct,0.783079
stress,stress-028-undefined,one-point-refutation,0.428846
stress,stress-029-correct,produce,8.360231
stress,stress-029-correct,proof-check,2.01181
stress,stress-029-correct,topological-direct,1.279336
stress,stress-029-correct,recursive-reconstruct,1.291555
stress,stress-030-overfit,produce,10.018518
stress,stress-030-overfit,proof-check,2.270269
stress,stress-030-overfit,topological-direct,1.769635
stress,stress-030-overfit,recursive-reconstruct,1.325467
stress,stress-030-overfit,one-point-refutation,0.44469
stress,stress-031-regression,produce,10.02661
stress,stress-031-regression,proof-check,2.494036
stress,stress-031-regression,topological-direct,1.541161
stress,stress-031-regression,recursive-reconstruct,1.805429
stress,stress-031-regression,one-point-refutation,0.512402
stress,stress-032-undefined,produce,11.813391
stress,stress-032-undefined,proof-check,2.437922
stress,stress-032-undefined,topological-direct,1.751658
stress,stress-032-undefined,recursive-reconstruct,1.011914
stress,stress-032-undefined,one-point-refutation,0.566023
stress,stress-033-correct,produce,8.077044
stress,stress-033-correct,proof-check,2.149007
stress,stress-033-correct,topological-direct,1.31467
stress,stress-033-correct,recursive-reconstruct,1.189221
stress,stress-034-overfit,produce,10.098699
stress,stress-034-overfit,proof-check,2.28376
stress,stress-034-overfit,topological-direct,1.447871
stress,stress-034-overfit,recursive-reconstruct,1.341431
stress,stress-034-overfit,one-point-refutation,0.439712
stress,stress-035-regression,produce,10.228584
stress,stress-035-regression,proof-check,2.464772
stress,stress-035-regression,topological-direct,1.508272
stress,stress-035-regression,recursive-reconstruct,1.378266
stress,stress-035-regression,one-point-refutation,0.441675
stress,stress-036-undefined,produce,11.676244
stress,stress-036-undefined,proof-check,2.567807
stress,stress-036-undefined,topological-direct,1.630746
stress,stress-036-undefined,recursive-reconstruct,0.862839
stress,stress-036-undefined,one-point-refutation,0.412682
stress,stress-037-correct,produce,8.204776
stress,stress-037-correct,proof-check,1.973512
stress,stress-037-correct,topological-direct,1.426959
stress,stress-037-correct,recursive-reconstruct,1.373989
stress,stress-038-overfit,produce,9.852898
stress,stress-038-overfit,proof-check,2.292202
stress,stress-038-overfit,topological-direct,1.505948
stress,stress-038-overfit,recursive-reconstruct,1.235931
stress,stress-038-overfit,one-point-refutation,0.460764
stress,stress-039-regression,produce,10.606003
stress,stress-039-regression,proof-check,2.352513
stress,stress-039-regression,topological-direct,2.467656
stress,stress-039-regression,recursive-reconstruct,1.594381
stress,stress-039-regression,one-point-refutation,0.472091
stress,stress-040-undefined,produce,11.982326
stress,stress-040-undefined,proof-check,2.479714
stress,stress-040-undefined,topological-direct,1.679519
stress,stress-040-undefined,recursive-reconstruct,0.787215
stress,stress-040-undefined,one-point-refutation,0.440173
stress,stress-041-correct,produce,8.342654
stress,stress-041-correct,proof-check,1.994433
stress,stress-041-correct,topological-direct,1.356894
stress,stress-041-correct,recursive-reconstruct,1.424265
stress,stress-042-overfit,produce,10.169074
stress,stress-042-overfit,proof-check,2.26396
stress,stress-042-overfit,topological-direct,1.76654
stress,stress-042-overfit,recursive-reconstruct,1.05623
stress,stress-042-overfit,one-point-refutation,0.464229
stress,stress-043-regression,produce,10.295054
stress,stress-043-regression,proof-check,2.349589
stress,stress-043-regression,topological-direct,1.690515
stress,stress-043-regression,recursive-reconstruct,1.58744
stress,stress-043-regression,one-point-refutation,0.495306
stress,stress-044-undefined,produce,12.573386
stress,stress-044-undefined,proof-check,2.862692
stress,stress-044-undefined,topological-direct,1.718448
stress,stress-044-undefined,recursive-reconstruct,0.82958
stress,stress-044-undefined,one-point-refutation,0.419803
stress,stress-045-correct,produce,9.437303
stress,stress-045-correct,proof-check,2.43632
stress,stress-045-correct,topological-direct,1.338196
stress,stress-045-correct,recursive-reconstruct,1.877417
stress,stress-046-overfit,produce,10.325721
stress,stress-046-overfit,proof-check,2.534948
stress,stress-046-overfit,topological-direct,1.57369
stress,stress-046-overfit,recursive-reconstruct,1.103852
stress,stress-046-overfit,one-point-refutation,0.44446
stress,stress-047-regression,produce,10.075374
stress,stress-047-regression,proof-check,2.37044
stress,stress-047-regression,topological-direct,1.492498
stress,stress-047-regression,recursive-reconstruct,1.635904
stress,stress-047-regression,one-point-refutation,0.448676
stress,stress-048-undefined,produce,11.80621
stress,stress-048-undefined,proof-check,2.519795
stress,stress-048-undefined,topological-direct,1.641452
stress,stress-048-undefined,recursive-reconstruct,1.007937
stress,stress-048-undefined,one-point-refutation,0.439562
stress,stress-049-correct,produce,8.242894
stress,stress-049-correct,proof-check,2.298712
stress,stress-049-correct,topological-direct,1.344625
stress,stress-049-correct,recursive-reconstruct,1.275541
stress,stress-050-overfit,produce,12.605154
stress,stress-050-overfit,proof-check,2.415908
stress,stress-050-overfit,topological-direct,1.838669
stress,stress-050-overfit,recursive-reconstruct,1.118575
stress,stress-050-overfit,one-point-refutation,0.483458
stress,stress-051-regression,produce,11.132556
stress,stress-051-regression,proof-check,2.877964
stress,stress-051-regression,topological-direct,1.58042
stress,stress-051-regression,recursive-reconstruct,1.621022
stress,stress-051-regression,one-point-refutation,0.448606
stress,stress-052-undefined,produce,11.28805
stress,stress-052-undefined,proof-check,2.592534
stress,stress-052-undefined,topological-direct,1.750396
stress,stress-052-undefined,recursive-reconstruct,0.82336
stress,stress-052-undefined,one-point-refutation,0.444239
stress,stress-053-correct,produce,8.275222
stress,stress-053-correct,proof-check,2.016828
stress,stress-053-correct,topological-direct,1.256613
stress,stress-053-correct,recursive-reconstruct,1.377605
stress,stress-054-overfit,produce,10.534104
stress,stress-054-overfit,proof-check,2.563451
stress,stress-054-overfit,topological-direct,1.556885
stress,stress-054-overfit,recursive-reconstruct,1.283613
stress,stress-054-overfit,one-point-refutation,0.441345
stress,stress-055-regression,produce,13.541654
stress,stress-055-regression,proof-check,2.594417
stress,stress-055-regression,topological-direct,1.584777
stress,stress-055-regression,recursive-reconstruct,1.596745
stress,stress-055-regression,one-point-refutation,0.492883
stress,stress-056-undefined,produce,12.080995
stress,stress-056-undefined,proof-check,2.486104
stress,stress-056-undefined,topological-direct,1.622563
stress,stress-056-undefined,recursive-reconstruct,0.808427
stress,stress-056-undefined,one-point-refutation,0.433373
stress,stress-057-correct,produce,8.803147
stress,stress-057-correct,proof-check,2.068084
stress,stress-057-correct,topological-direct,1.295491
stress,stress-057-correct,recursive-reconstruct,1.195841
stress,stress-058-overfit,produce,9.686488
stress,stress-058-overfit,proof-check,2.245612
stress,stress-058-overfit,topological-direct,1.502473
stress,stress-058-overfit,recursive-reconstruct,1.450925
stress,stress-058-overfit,one-point-refutation,0.461425
stress,stress-059-regression,produce,10.359342
stress,stress-059-regression,proof-check,2.360826
stress,stress-059-regression,topological-direct,1.992171
stress,stress-059-regression,recursive-reconstruct,1.541722
stress,stress-059-regression,one-point-refutation,0.499062
stress,stress-060-undefined,produce,12.655599
stress,stress-060-undefined,proof-check,2.541908
stress,stress-060-undefined,topological-direct,1.688853
stress,stress-060-undefined,recursive-reconstruct,1.007277
stress,stress-060-undefined,one-point-refutation,0.43198
stress,stress-061-correct,produce,8.438087
stress,stress-061-correct,proof-check,2.067033
stress,stress-061-correct,topological-direct,1.515652
stress,stress-061-correct,recursive-reconstruct,1.478977
stress,stress-062-overfit,produce,10.616439
stress,stress-062-overfit,proof-check,2.412984
stress,stress-062-overfit,topological-direct,1.526619
stress,stress-062-overfit,recursive-reconstruct,1.085154
stress,stress-062-overfit,one-point-refutation,0.4449
stress,stress-063-regression,produce,11.163082
stress,stress-063-regression,proof-check,2.42329
stress,stress-063-regression,topological-direct,1.529293
stress,stress-063-regression,recursive-reconstruct,1.754172
stress,stress-063-regression,one-point-refutation,0.456147
stress,stress-064-undefined,produce,11.611237
stress,stress-064-undefined,proof-check,2.44322
stress,stress-064-undefined,topological-direct,1.609934
stress,stress-064-undefined,recursive-reconstruct,0.788388
stress,stress-064-undefined,one-point-refutation,0.425311
stress,stress-065-correct,produce,7.76925
stress,stress-065-correct,proof-check,1.952851
stress,stress-065-correct,topological-direct,1.226346
stress,stress-065-correct,recursive-reconstruct,1.447179
stress,stress-066-overfit,produce,11.485367
stress,stress-066-overfit,proof-check,2.501577
stress,stress-066-overfit,topological-direct,1.518046
stress,stress-066-overfit,recursive-reconstruct,1.13537
stress,stress-066-overfit,one-point-refutation,0.636679
stress,stress-067-regression,produce,10.404199
stress,stress-067-regression,proof-check,2.434417
stress,stress-067-regression,topological-direct,1.517886
stress,stress-067-regression,recursive-reconstruct,1.594761
stress,stress-067-regression,one-point-refutation,0.478791
stress,stress-068-undefined,produce,11.972982
stress,stress-068-undefined,proof-check,2.505183
stress,stress-068-undefined,topological-direct,2.042857
stress,stress-068-undefined,recursive-reconstruct,1.687862
stress,stress-068-undefined,one-point-refutation,0.529056
stress,stress-069-correct,produce,10.943967
stress,stress-069-correct,proof-check,5.0128
stress,stress-069-correct,topological-direct,2.364551
stress,stress-069-correct,recursive-reconstruct,2.620597
stress,stress-070-overfit,produce,12.335858
stress,stress-070-overfit,proof-check,2.338292
stress,stress-070-overfit,topological-direct,1.611326
stress,stress-070-overfit,recursive-reconstruct,1.355261
stress,stress-070-overfit,one-point-refutation,0.478721
stress,stress-071-regression,produce,10.333463
stress,stress-071-regression,proof-check,2.879357
stress,stress-071-regression,topological-direct,1.614201
stress,stress-071-regression,recursive-reconstruct,1.636585
stress,stress-071-regression,one-point-refutation,0.481425
stress,stress-072-undefined,produce,11.696104
stress,stress-072-undefined,proof-check,2.504802
stress,stress-072-undefined,topological-direct,1.637586
stress,stress-072-undefined,recursive-reconstruct,0.775959
stress,stress-072-undefined,one-point-refutation,0.45144
stress,stress-073-correct,produce,8.332729
stress,stress-073-correct,proof-check,2.019662
stress,stress-073-correct,topological-direct,1.342322
stress,stress-073-correct,recursive-reconstruct,1.417835
stress,stress-074-overfit,produce,10.384309
stress,stress-074-overfit,proof-check,2.635489
stress,stress-074-overfit,topological-direct,1.535182
stress,stress-074-overfit,recursive-reconstruct,1.060246
stress,stress-074-overfit,one-point-refutation,0.454855
stress,stress-075-regression,produce,10.495066
stress,stress-075-regression,proof-check,2.4369
stress,stress-075-regression,topological-direct,1.522213
stress,stress-075-regression,recursive-reconstruct,1.682674
stress,stress-075-regression,one-point-refutation,0.638912
stress,stress-076-undefined,produce,13.70836
stress,stress-076-undefined,proof-check,2.629169
stress,stress-076-undefined,topological-direct,2.68916
stress,stress-076-undefined,recursive-reconstruct,1.165815
stress,stress-076-undefined,one-point-refutation,0.43179
stress,stress-077-correct,produce,10.280952
stress,stress-077-correct,proof-check,2.088906
stress,stress-077-correct,topological-direct,1.578357
stress,stress-077-correct,recursive-reconstruct,1.481001
stress,stress-078-overfit,produce,11.198815
stress,stress-078-overfit,proof-check,2.361236
stress,stress-078-overfit,topological-direct,2.743161
stress,stress-078-overfit,recursive-reconstruct,1.278385
stress,stress-078-overfit,one-point-refutation,0.468936
stress,stress-079-regression,produce,11.079225
stress,stress-079-regression,proof-check,2.54331
stress,stress-079-regression,topological-direct,1.577656
stress,stress-079-regression,recursive-reconstruct,1.959721
stress,stress-079-regression,one-point-refutation,0.525562
stress,stress-080-undefined,produce,77.749201
stress,stress-080-undefined,proof-check,3.311066
stress,stress-080-undefined,topological-direct,1.774433
stress,stress-080-undefined,recursive-reconstruct,1.001669
stress,stress-080-undefined,one-point-refutation,0.45124
stress,stress-081-correct,produce,8.728124
stress,stress-081-correct,proof-check,2.102576
stress,stress-081-correct,topological-direct,1.478176
stress,stress-081-correct,recursive-reconstruct,1.758228
stress,stress-082-overfit,produce,14.365925
stress,stress-082-overfit,proof-check,2.788649
stress,stress-082-overfit,topological-direct,1.704087
stress,stress-082-overfit,recursive-reconstruct,1.266277
stress,stress-082-overfit,one-point-refutation,0.91663
stress,stress-083-regression,produce,12.951215
stress,stress-083-regression,proof-check,2.627987
stress,stress-083-regression,topological-direct,1.785068
stress,stress-083-regression,recursive-reconstruct,1.479798
stress,stress-083-regression,one-point-refutation,0.49795
stress,stress-084-undefined,produce,17.124379
stress,stress-084-undefined,proof-check,2.703771
stress,stress-084-undefined,topological-direct,1.87915
stress,stress-084-undefined,recursive-reconstruct,0.961167
stress,stress-084-undefined,one-point-refutation,0.517409
stress,stress-085-correct,produce,12.229678
stress,stress-085-correct,proof-check,2.329097
stress,stress-085-correct,topological-direct,1.346597
stress,stress-085-correct,recursive-reconstruct,1.25471
stress,stress-086-overfit,produce,11.136211
stress,stress-086-overfit,proof-check,2.426044
stress,stress-086-overfit,topological-direct,1.552438
stress,stress-086-overfit,recursive-reconstruct,1.204043
stress,stress-086-overfit,one-point-refutation,0.440263
stress,stress-087-regression,produce,11.093066
stress,stress-087-regression,proof-check,2.485393
stress,stress-087-regression,topological-direct,1.5342
stress,stress-087-regression,recursive-reconstruct,1.475011
stress,stress-087-regression,one-point-refutation,0.904602
stress,stress-088-undefined,produce,10.97647
stress,stress-088-undefined,proof-check,2.687227
stress,stress-088-undefined,topological-direct,1.630305
stress,stress-088-undefined,recursive-reconstruct,0.740846
stress,stress-088-undefined,one-point-refutation,0.430819
stress,stress-089-correct,produce,7.960389
stress,stress-089-correct,proof-check,1.972561
stress,stress-089-correct,topological-direct,1.284043
stress,stress-089-correct,recursive-reconstruct,1.366648
stress,stress-090-overfit,produce,10.614275
stress,stress-090-overfit,proof-check,2.464832
stress,stress-090-overfit,topological-direct,1.685688
stress,stress-090-overfit,recursive-reconstruct,1.190523
stress,stress-090-overfit,one-point-refutation,0.754566
stress,stress-091-regression,produce,10.213452
stress,stress-091-regression,proof-check,4.562581
stress,stress-091-regression,topological-direct,2.997945
stress,stress-091-regression,recursive-reconstruct,1.775824
stress,stress-091-regression,one-point-refutation,0.454785
stress,stress-092-undefined,produce,13.929768
stress,stress-092-undefined,proof-check,3.416796
stress,stress-092-undefined,topological-direct,2.006152
stress,stress-092-undefined,recursive-reconstruct,0.793165
stress,stress-092-undefined,one-point-refutation,0.722307
stress,stress-093-correct,produce,8.294341
stress,stress-093-correct,proof-check,2.579945
stress,stress-093-correct,topological-direct,1.375081
stress,stress-093-correct,recursive-reconstruct,1.361821
stress,stress-094-overfit,produce,9.742272
stress,stress-094-overfit,proof-check,2.377421
stress,stress-094-overfit,topological-direct,1.627741
stress,stress-094-overfit,recursive-reconstruct,1.350193
stress,stress-094-overfit,one-point-refutation,0.535166
stress,stress-095-regression,produce,12.072851
stress,stress-095-regression,proof-check,2.706857
stress,stress-095-regression,topological-direct,1.615503
stress,stress-095-regression,recursive-reconstruct,1.406588
stress,stress-095-regression,one-point-refutation,0.459632
stress,stress-096-undefined,produce,12.507997
stress,stress-096-undefined,proof-check,3.800022
stress,stress-096-undefined,topological-direct,1.742614
stress,stress-096-undefined,recursive-reconstruct,0.875018
stress,stress-096-undefined,one-point-refutation,0.463579
stress,stress-097-correct,produce,10.03328
stress,stress-097-correct,proof-check,2.169978
stress,stress-097-correct,topological-direct,1.318035
stress,stress-097-correct,recursive-reconstruct,1.529073
stress,stress-098-overfit,produce,10.392011
stress,stress-098-overfit,proof-check,2.442168
stress,stress-098-overfit,topological-direct,1.649173
stress,stress-098-overfit,recursive-reconstruct,1.34783
stress,stress-098-overfit,one-point-refutation,0.445932
stress,stress-099-regression,produce,10.653354
stress,stress-099-regression,proof-check,2.339864
stress,stress-099-regression,topological-direct,1.624056
stress,stress-099-regression,recursive-reconstruct,1.558016
stress,stress-099-regression,one-point-refutation,0.474584
stress,stress-100-undefined,produce,12.195556
stress,stress-100-undefined,proof-check,2.740958
stress,stress-100-undefined,topological-direct,1.698528
stress,stress-100-undefined,recursive-reconstruct,0.958954
stress,stress-100-undefined,one-point-refutation,0.463919
stress,stress-101-correct,produce,8.102463
stress,stress-101-correct,proof-check,2.029336
stress,stress-101-correct,topological-direct,1.268561
stress,stress-101-correct,recursive-reconstruct,1.415742
stress,stress-102-overfit,produce,10.344198
stress,stress-102-overfit,proof-check,2.298752
stress,stress-102-overfit,topological-direct,1.523825
stress,stress-102-overfit,recursive-reconstruct,1.064453
stress,stress-102-overfit,one-point-refutation,0.432852
stress,stress-103-regression,produce,10.430378
stress,stress-103-regression,proof-check,2.349238
stress,stress-103-regression,topological-direct,1.531145
stress,stress-103-regression,recursive-reconstruct,1.579889
stress,stress-103-regression,one-point-refutation,0.648827
stress,stress-104-undefined,produce,11.825179
stress,stress-104-undefined,proof-check,2.83591
stress,stress-104-undefined,topological-direct,1.803046
stress,stress-104-undefined,recursive-reconstruct,0.805483
stress,stress-104-undefined,one-point-refutation,0.499733
stress,stress-105-correct,produce,8.637809
stress,stress-105-correct,proof-check,3.892001
stress,stress-105-correct,topological-direct,1.658427
stress,stress-105-correct,recursive-reconstruct,1.284695
stress,stress-106-overfit,produce,9.978948
stress,stress-106-overfit,proof-check,2.285011
stress,stress-106-overfit,topological-direct,1.503264
stress,stress-106-overfit,recursive-reconstruct,1.078113
stress,stress-106-overfit,one-point-refutation,0.47126
stress,stress-107-regression,produce,10.718232
stress,stress-107-regression,proof-check,2.582609
stress,stress-107-regression,topological-direct,1.660321
stress,stress-107-regression,recursive-reconstruct,1.454591
stress,stress-107-regression,one-point-refutation,0.467214
stress,stress-108-undefined,produce,12.001684
stress,stress-108-undefined,proof-check,2.547877
stress,stress-108-undefined,topological-direct,1.672829
stress,stress-108-undefined,recursive-reconstruct,0.923852
stress,stress-108-undefined,one-point-refutation,0.419632
stress,stress-109-correct,produce,9.146785
stress,stress-109-correct,proof-check,2.009937
stress,stress-109-correct,topological-direct,1.254439
stress,stress-109-correct,recursive-reconstruct,1.453299
stress,stress-110-overfit,produce,11.264244
stress,stress-110-overfit,proof-check,2.521257
stress,stress-110-overfit,topological-direct,1.76597
stress,stress-110-overfit,recursive-reconstruct,1.456633
stress,stress-110-overfit,one-point-refutation,0.468465
stress,stress-111-regression,produce,10.552112
stress,stress-111-regression,proof-check,2.459514
stress,stress-111-regression,topological-direct,1.549183
stress,stress-111-regression,recursive-reconstruct,1.602934
stress,stress-111-regression,one-point-refutation,0.449357
stress,stress-112-undefined,produce,12.957664
stress,stress-112-undefined,proof-check,2.712304
stress,stress-112-undefined,topological-direct,1.619559
stress,stress-112-undefined,recursive-reconstruct,0.790089
stress,stress-112-undefined,one-point-refutation,0.594505
stress,stress-113-correct,produce,8.00123
stress,stress-113-correct,proof-check,2.325653
stress,stress-113-correct,topological-direct,1.345627
stress,stress-113-correct,recursive-reconstruct,1.406318
stress,stress-114-overfit,produce,10.12592
stress,stress-114-overfit,proof-check,2.276769
stress,stress-114-overfit,topological-direct,1.537385
stress,stress-114-overfit,recursive-reconstruct,1.286968
stress,stress-114-overfit,one-point-refutation,0.442657
stress,stress-115-regression,produce,10.507695
stress,stress-115-regression,proof-check,2.477892
stress,stress-115-regression,topological-direct,1.702755
stress,stress-115-regression,recursive-reconstruct,1.622794
stress,stress-115-regression,one-point-refutation,0.448145
stress,stress-116-undefined,produce,12.19777
stress,stress-116-undefined,proof-check,2.722079
stress,stress-116-undefined,topological-direct,1.80606
stress,stress-116-undefined,recursive-reconstruct,0.788377
stress,stress-116-undefined,one-point-refutation,0.542507
stress,stress-117-correct,produce,8.156403
stress,stress-117-correct,proof-check,1.970708
stress,stress-117-correct,topological-direct,1.298836
stress,stress-117-correct,recursive-reconstruct,1.192115
stress,stress-118-overfit,produce,10.053941
stress,stress-118-overfit,proof-check,2.270309
stress,stress-118-overfit,topological-direct,1.532749
stress,stress-118-overfit,recursive-reconstruct,1.052505
stress,stress-118-overfit,one-point-refutation,0.44491
stress,stress-119-regression,produce,10.468476
stress,stress-119-regression,proof-check,2.41644
stress,stress-119-regression,topological-direct,1.534081
stress,stress-119-regression,recursive-reconstruct,1.352397
stress,stress-119-regression,one-point-refutation,0.63728
stress,stress-120-undefined,produce,13.732762
stress,stress-120-undefined,proof-check,2.495258
stress,stress-120-undefined,topological-direct,1.93232
stress,stress-120-undefined,recursive-reconstruct,0.810681
stress,stress-120-undefined,one-point-refutation,0.445641
stress,stress-121-correct,produce,8.452159
stress,stress-121-correct,proof-check,1.981604
stress,stress-121-correct,topological-direct,1.239827
stress,stress-121-correct,recursive-reconstruct,1.667321
stress,stress-122-overfit,produce,10.335886
stress,stress-122-overfit,proof-check,2.475628
stress,stress-122-overfit,topological-direct,1.610576
stress,stress-122-overfit,recursive-reconstruct,1.484696
stress,stress-122-overfit,one-point-refutation,0.460864
stress,stress-123-regression,produce,10.752644
stress,stress-123-regression,proof-check,2.761629
stress,stress-123-regression,topological-direct,2.044579
stress,stress-123-regression,recursive-reconstruct,1.762054
stress,stress-123-regression,one-point-refutation,0.514785
stress,stress-124-undefined,produce,11.957738
stress,stress-124-undefined,proof-check,2.604522
stress,stress-124-undefined,topological-direct,1.62689
stress,stress-124-undefined,recursive-reconstruct,0.772584
stress,stress-124-undefined,one-point-refutation,0.461355
stress,stress-125-correct,produce,8.806473
stress,stress-125-correct,proof-check,1.979792
stress,stress-125-correct,topological-direct,1.362171
stress,stress-125-correct,recursive-reconstruct,1.209342
stress,stress-126-overfit,produce,10.309646
stress,stress-126-overfit,proof-check,2.504723
stress,stress-126-overfit,topological-direct,1.580501
stress,stress-126-overfit,recursive-reconstruct,1.055639
stress,stress-126-overfit,one-point-refutation,0.465662
stress,stress-127-regression,produce,10.19257
stress,stress-127-regression,proof-check,2.321666
stress,stress-127-regression,topological-direct,1.765358
stress,stress-127-regression,recursive-reconstruct,1.393599
stress,stress-127-regression,one-point-refutation,0.494835
stress,stress-128-undefined,produce,11.966411
stress,stress-128-undefined,proof-check,2.530381
stress,stress-128-undefined,topological-direct,1.597997
stress,stress-128-undefined,recursive-reconstruct,0.830842
stress,stress-128-undefined,one-point-refutation,0.415325
stress,stress-129-correct,produce,7.867348
stress,stress-129-correct,proof-check,2.156197
stress,stress-129-correct,topological-direct,1.279356
stress,stress-129-correct,recursive-reconstruct,1.369573
stress,stress-130-overfit,produce,9.767389
stress,stress-130-overfit,proof-check,2.436229
stress,stress-130-overfit,topological-direct,1.470905
stress,stress-130-overfit,recursive-reconstruct,1.545017
stress,stress-130-overfit,one-point-refutation,0.443428
stress,stress-131-regression,produce,10.36553
stress,stress-131-regression,proof-check,2.385553
stress,stress-131-regression,topological-direct,1.869175
stress,stress-131-regression,recursive-reconstruct,1.556043
stress,stress-131-regression,one-point-refutation,0.469657
stress,stress-132-undefined,produce,12.298021
stress,stress-132-undefined,proof-check,2.564783
stress,stress-132-undefined,topological-direct,1.646099
stress,stress-132-undefined,recursive-reconstruct,0.847636
stress,stress-132-undefined,one-point-refutation,0.456627
stress,stress-133-correct,produce,8.164786
stress,stress-133-correct,proof-check,1.960753
stress,stress-133-correct,topological-direct,1.336593
stress,stress-133-correct,recursive-reconstruct,1.692139
stress,stress-134-overfit,produce,11.068389
stress,stress-134-overfit,proof-check,2.47662
stress,stress-134-overfit,topological-direct,1.503394
stress,stress-134-overfit,recursive-reconstruct,1.328711
stress,stress-134-overfit,one-point-refutation,0.479593
stress,stress-135-regression,produce,12.371522
stress,stress-135-regression,proof-check,2.512714
stress,stress-135-regression,topological-direct,1.690446
stress,stress-135-regression,recursive-reconstruct,1.696605
stress,stress-135-regression,one-point-refutation,0.440974
stress,stress-136-undefined,produce,12.114885
stress,stress-136-undefined,proof-check,2.597141
stress,stress-136-undefined,topological-direct,1.637886
stress,stress-136-undefined,recursive-reconstruct,0.783259
stress,stress-136-undefined,one-point-refutation,0.437018
stress,stress-137-correct,produce,8.503006
stress,stress-137-correct,proof-check,2.121725
stress,stress-137-correct,topological-direct,1.246197
stress,stress-137-correct,recursive-reconstruct,1.535493
stress,stress-138-overfit,produce,10.11982
stress,stress-138-overfit,proof-check,2.425593
stress,stress-138-overfit,topological-direct,1.539689
stress,stress-138-overfit,recursive-reconstruct,1.290904
stress,stress-138-overfit,one-point-refutation,0.445501
stress,stress-139-regression,produce,10.975359
stress,stress-139-regression,proof-check,4.391654
stress,stress-139-regression,topological-direct,1.808704
stress,stress-139-regression,recursive-reconstruct,2.862201
stress,stress-139-regression,one-point-refutation,0.589478
stress,stress-140-undefined,produce,12.452303
stress,stress-140-undefined,proof-check,3.347271
stress,stress-140-undefined,topological-direct,1.990568
stress,stress-140-undefined,recursive-reconstruct,0.818673
stress,stress-140-undefined,one-point-refutation,0.529046
stress,stress-141-correct,produce,8.440531
stress,stress-141-correct,proof-check,1.949255
stress,stress-141-correct,topological-direct,1.401671
stress,stress-141-correct,recursive-reconstruct,1.435441
stress,stress-142-overfit,produce,10.404649
stress,stress-142-overfit,proof-check,2.683031
stress,stress-142-overfit,topological-direct,1.511156
stress,stress-142-overfit,recursive-reconstruct,1.123372
stress,stress-142-overfit,one-point-refutation,0.522497
stress,stress-143-regression,produce,74.245204
stress,stress-143-regression,proof-check,2.952967
stress,stress-143-regression,topological-direct,1.924739
stress,stress-143-regression,recursive-reconstruct,1.603225
stress,stress-143-regression,one-point-refutation,0.653514
stress,stress-144-undefined,produce,11.342191
stress,stress-144-undefined,proof-check,2.709972
stress,stress-144-undefined,topological-direct,1.681442
stress,stress-144-undefined,recursive-reconstruct,1.000116
stress,stress-144-undefined,one-point-refutation,0.420754
stress,stress-145-correct,produce,9.423882
stress,stress-145-correct,proof-check,2.056558
stress,stress-145-correct,topological-direct,1.350474
stress,stress-145-correct,recursive-reconstruct,1.358216
stress,stress-146-overfit,produce,10.47199
stress,stress-146-overfit,proof-check,2.353224
stress,stress-146-overfit,topological-direct,1.745168
stress,stress-146-overfit,recursive-reconstruct,1.582082
stress,stress-146-overfit,one-point-refutation,0.445741
stress,stress-147-regression,produce,34.959975
stress,stress-147-regression,proof-check,8.368052
stress,stress-147-regression,topological-direct,5.756549
stress,stress-147-regression,recursive-reconstruct,1.693931
stress,stress-147-regression,one-point-refutation,0.505071
stress,stress-148-undefined,produce,13.242393
stress,stress-148-undefined,proof-check,2.486415
stress,stress-148-undefined,topological-direct,1.668192
stress,stress-148-undefined,recursive-reconstruct,0.788287
stress,stress-148-undefined,one-point-refutation,0.463298
stress,stress-149-correct,produce,9.01697
stress,stress-149-correct,proof-check,2.265181
stress,stress-149-correct,topological-direct,1.282521
stress,stress-149-correct,recursive-reconstruct,1.514911
stress,stress-150-overfit,produce,12.334826
stress,stress-150-overfit,proof-check,2.546695
stress,stress-150-overfit,topological-direct,1.659799
stress,stress-150-overfit,recursive-reconstruct,1.868444
stress,stress-150-overfit,one-point-refutation,0.49125
stress,stress-151-regression,produce,12.432484
stress,stress-151-regression,proof-check,2.500065
stress,stress-151-regression,topological-direct,1.550305
stress,stress-151-regression,recursive-reconstruct,1.449663
stress,stress-151-regression,one-point-refutation,0.448766
stress,stress-152-undefined,produce,11.893792
stress,stress-152-undefined,proof-check,2.6425
stress,stress-152-undefined,topological-direct,1.612879
stress,stress-152-undefined,recursive-reconstruct,0.790671
stress,stress-152-undefined,one-point-refutation,0.437869
stress,stress-153-correct,produce,8.157485
stress,stress-153-correct,proof-check,1.964499
stress,stress-153-correct,topological-direct,1.330354
stress,stress-153-correct,recursive-reconstruct,1.575904
stress,stress-154-overfit,produce,10.839094
stress,stress-154-overfit,proof-check,2.465343
stress,stress-154-overfit,topological-direct,1.536664
stress,stress-154-overfit,recursive-reconstruct,1.307279
stress,stress-154-overfit,one-point-refutation,0.437739
stress,stress-155-regression,produce,11.481862
stress,stress-155-regression,proof-check,2.401787
stress,stress-155-regression,topological-direct,1.636434
stress,stress-155-regression,recursive-reconstruct,1.61353
stress,stress-155-regression,one-point-refutation,0.486222
stress,stress-156-undefined,produce,12.626805
stress,stress-156-undefined,proof-check,2.507216
stress,stress-156-undefined,topological-direct,1.670176
stress,stress-156-undefined,recursive-reconstruct,0.802469
stress,stress-156-undefined,one-point-refutation,0.510298
stress,stress-157-correct,produce,8.219999
stress,stress-157-correct,proof-check,1.94529
stress,stress-157-correct,topological-direct,1.262161
stress,stress-157-correct,recursive-reconstruct,1.458847
stress,stress-158-overfit,produce,10.536799
stress,stress-158-overfit,proof-check,2.49616
stress,stress-158-overfit,topological-direct,1.60701
stress,stress-158-overfit,recursive-reconstruct,1.502392
stress,stress-158-overfit,one-point-refutation,0.495426
stress,stress-159-regression,produce,10.635608
stress,stress-159-regression,proof-check,2.346033
stress,stress-159-regression,topological-direct,1.538627
stress,stress-159-regression,recursive-reconstruct,1.576474
stress,stress-159-regression,one-point-refutation,0.447193
stress,stress-160-undefined,produce,12.547696
stress,stress-160-undefined,proof-check,2.54317
stress,stress-160-undefined,topological-direct,1.877919
stress,stress-160-undefined,recursive-reconstruct,1.11571
stress,stress-160-undefined,one-point-refutation,0.474525
stress,stress-161-correct,produce,8.465218
stress,stress-161-correct,proof-check,2.163208
stress,stress-161-correct,topological-direct,1.274229
stress,stress-161-correct,recursive-reconstruct,1.579639
stress,stress-162-overfit,produce,10.692073
stress,stress-162-overfit,proof-check,2.805255
stress,stress-162-overfit,topological-direct,1.727481
stress,stress-162-overfit,recursive-reconstruct,1.183672
stress,stress-162-overfit,one-point-refutation,0.483598
stress,stress-163-regression,produce,11.10835
stress,stress-163-regression,proof-check,2.428557
stress,stress-163-regression,topological-direct,1.54028
stress,stress-163-regression,recursive-reconstruct,1.358957
stress,stress-163-regression,one-point-refutation,0.443699
stress,stress-164-undefined,produce,12.24431
stress,stress-164-undefined,proof-check,3.373239
stress,stress-164-undefined,topological-direct,1.814903
stress,stress-164-undefined,recursive-reconstruct,0.818783
stress,stress-164-undefined,one-point-refutation,0.593063
stress,stress-165-correct,produce,10.838984
stress,stress-165-correct,proof-check,2.389528
stress,stress-165-correct,topological-direct,1.44766
stress,stress-165-correct,recursive-reconstruct,1.570755
stress,stress-166-overfit,produce,10.26549
stress,stress-166-overfit,proof-check,2.328116
stress,stress-166-overfit,topological-direct,1.503825
stress,stress-166-overfit,recursive-reconstruct,1.05599
stress,stress-166-overfit,one-point-refutation,0.43824
stress,stress-167-regression,produce,10.43779
stress,stress-167-regression,proof-check,2.352773
stress,stress-167-regression,topological-direct,1.827372
stress,stress-167-regression,recursive-reconstruct,1.617906
stress,stress-167-regression,one-point-refutation,0.5646
stress,stress-168-undefined,produce,12.116288
stress,stress-168-undefined,proof-check,2.799405
stress,stress-168-undefined,topological-direct,1.671407
stress,stress-168-undefined,recursive-reconstruct,0.786094
stress,stress-168-undefined,one-point-refutation,0.427754
stress,stress-169-correct,produce,7.693757
stress,stress-169-correct,proof-check,1.99194
stress,stress-169-correct,topological-direct,1.433959
stress,stress-169-correct,recursive-reconstruct,1.948324
stress,stress-170-overfit,produce,9.964567
stress,stress-170-overfit,proof-check,2.315768
stress,stress-170-overfit,topological-direct,1.491005
stress,stress-170-overfit,recursive-reconstruct,1.416763
stress,stress-170-overfit,one-point-refutation,0.53121
stress,stress-171-regression,produce,10.81744
stress,stress-171-regression,proof-check,2.560275
stress,stress-171-regression,topological-direct,1.564857
stress,stress-171-regression,recursive-reconstruct,1.421972
stress,stress-171-regression,one-point-refutation,0.45176
stress,stress-172-undefined,produce,15.785032
stress,stress-172-undefined,proof-check,2.647737
stress,stress-172-undefined,topological-direct,1.764668
stress,stress-172-undefined,recursive-reconstruct,0.918132
stress,stress-172-undefined,one-point-refutation,0.425581
stress,stress-173-correct,produce,8.636897
stress,stress-173-correct,proof-check,2.003157
stress,stress-173-correct,topological-direct,1.246167
stress,stress-173-correct,recursive-reconstruct,1.438567
stress,stress-174-overfit,produce,10.844862
stress,stress-174-overfit,proof-check,2.655388
stress,stress-174-overfit,topological-direct,1.531046
stress,stress-174-overfit,recursive-reconstruct,1.146938
stress,stress-174-overfit,one-point-refutation,0.430468
stress,stress-175-regression,produce,11.06907
stress,stress-175-regression,proof-check,2.45026
stress,stress-175-regression,topological-direct,1.597566
stress,stress-175-regression,recursive-reconstruct,1.371125
stress,stress-175-regression,one-point-refutation,0.442055
stress,stress-176-undefined,produce,12.148555
stress,stress-176-undefined,proof-check,2.810012
stress,stress-176-undefined,topological-direct,1.731207
stress,stress-176-undefined,recursive-reconstruct,0.808648
stress,stress-176-undefined,one-point-refutation,0.424319
stress,stress-177-correct,produce,7.779596
stress,stress-177-correct,proof-check,2.298872
stress,stress-177-correct,topological-direct,1.234489
stress,stress-177-correct,recursive-reconstruct,1.214529
stress,stress-178-overfit,produce,10.512381
stress,stress-178-overfit,proof-check,2.31746
stress,stress-178-overfit,topological-direct,1.488612
stress,stress-178-overfit,recursive-reconstruct,1.039286
stress,stress-178-overfit,one-point-refutation,0.444309
stress,stress-179-regression,produce,10.447294
stress,stress-179-regression,proof-check,2.349698
stress,stress-179-regression,topological-direct,1.649323
stress,stress-179-regression,recursive-reconstruct,1.332507
stress,stress-179-regression,one-point-refutation,0.465792
stress,stress-180-undefined,produce,12.3443
stress,stress-180-undefined,proof-check,2.463049
stress,stress-180-undefined,topological-direct,1.7996
stress,stress-180-undefined,recursive-reconstruct,0.80995
stress,stress-180-undefined,one-point-refutation,0.446883
stress,stress-181-correct,produce,8.989468
stress,stress-181-correct,proof-check,2.077328
stress,stress-181-correct,topological-direct,1.28138
stress,stress-181-correct,recursive-reconstruct,1.297654
stress,stress-182-overfit,produce,9.99321
stress,stress-182-overfit,proof-check,2.642589
stress,stress-182-overfit,topological-direct,1.51372
stress,stress-182-overfit,recursive-reconstruct,1.149071
stress,stress-182-overfit,one-point-refutation,0.45168
stress,stress-183-regression,produce,11.964157
stress,stress-183-regression,proof-check,2.591763
stress,stress-183-regression,topological-direct,1.761543
stress,stress-183-regression,recursive-reconstruct,2.505373
stress,stress-183-regression,one-point-refutation,1.327489
stress,stress-184-undefined,produce,13.088084
stress,stress-184-undefined,proof-check,2.616921
stress,stress-184-undefined,topological-direct,1.882535
stress,stress-184-undefined,recursive-reconstruct,0.905754
stress,stress-184-undefined,one-point-refutation,0.429537
stress,stress-185-correct,produce,9.68138
stress,stress-185-correct,proof-check,2.199843
stress,stress-185-correct,topological-direct,1.684366
stress,stress-185-correct,recursive-reconstruct,2.508598
stress,stress-186-overfit,produce,10.538581
stress,stress-186-overfit,proof-check,3.398759
stress,stress-186-overfit,topological-direct,1.655953
stress,stress-186-overfit,recursive-reconstruct,1.747582
stress,stress-186-overfit,one-point-refutation,0.450418
stress,stress-187-regression,produce,13.504617
stress,stress-187-regression,proof-check,2.55037
stress,stress-187-regression,topological-direct,1.790567
stress,stress-187-regression,recursive-reconstruct,1.745679
stress,stress-187-regression,one-point-refutation,0.588015
stress,stress-188-undefined,produce,12.238851
stress,stress-188-undefined,proof-check,5.585522
stress,stress-188-undefined,topological-direct,1.684506
stress,stress-188-undefined,recursive-reconstruct,0.878443
stress,stress-188-undefined,one-point-refutation,0.421394
stress,stress-189-correct,produce,11.048429
stress,stress-189-correct,proof-check,2.03226
stress,stress-189-correct,topological-direct,1.497325
stress,stress-189-correct,recursive-reconstruct,1.758408
stress,stress-190-overfit,produce,11.013497
stress,stress-190-overfit,proof-check,2.698844
stress,stress-190-overfit,topological-direct,1.54066
stress,stress-190-overfit,recursive-reconstruct,2.019701
stress,stress-190-overfit,one-point-refutation,0.99588
stress,stress-191-regression,produce,12.658303
stress,stress-191-regression,proof-check,2.680137
stress,stress-191-regression,topological-direct,1.557586
stress,stress-191-regression,recursive-reconstruct,1.871449
stress,stress-191-regression,one-point-refutation,0.452962
stress,stress-192-undefined,produce,13.872702
stress,stress-192-undefined,proof-check,2.714028
stress,stress-192-undefined,topological-direct,1.730507
stress,stress-192-undefined,recursive-reconstruct,0.894597
stress,stress-192-undefined,one-point-refutation,0.4651
stress,stress-193-correct,produce,12.050537
stress,stress-193-correct,proof-check,2.060634
stress,stress-193-correct,topological-direct,1.262972
stress,stress-193-correct,recursive-reconstruct,1.293648
stress,stress-194-overfit,produce,10.23919
stress,stress-194-overfit,proof-check,2.365202
stress,stress-194-overfit,topological-direct,1.505787
stress,stress-194-overfit,recursive-reconstruct,1.100908
stress,stress-194-overfit,one-point-refutation,0.481525
stress,stress-195-regression,produce,11.731979
stress,stress-195-regression,proof-check,2.475589
stress,stress-195-regression,topological-direct,1.61996
stress,stress-195-regression,recursive-reconstruct,1.783576
stress,stress-195-regression,one-point-refutation,0.800065
stress,stress-196-undefined,produce,11.910076
stress,stress-196-undefined,proof-check,2.533145
stress,stress-196-undefined,topological-direct,1.778429
stress,stress-196-undefined,recursive-reconstruct,0.832294
stress,stress-196-undefined,one-point-refutation,0.497359
stress,stress-197-correct,produce,8.283475
stress,stress-197-correct,proof-check,2.060423
stress,stress-197-correct,topological-direct,1.286828
stress,stress-197-correct,recursive-reconstruct,1.519659
stress,stress-198-overfit,produce,10.350568
stress,stress-198-overfit,proof-check,2.393725
stress,stress-198-overfit,topological-direct,1.516194
stress,stress-198-overfit,recursive-reconstruct,1.604737
stress,stress-198-overfit,one-point-refutation,0.551581
stress,stress-199-regression,produce,10.330878
stress,stress-199-regression,proof-check,2.404822
stress,stress-199-regression,topological-direct,1.626931
stress,stress-199-regression,recursive-reconstruct,1.729264
stress,stress-199-regression,one-point-refutation,0.456037
stress,stress-200-undefined,produce,11.645689
stress,stress-200-undefined,proof-check,2.444431
stress,stress-200-undefined,topological-direct,1.65313
stress,stress-200-undefined,recursive-reconstruct,0.774527
stress,stress-200-undefined,one-point-refutation,0.599342
stress,stress-201-correct,produce,8.044836
stress,stress-201-correct,proof-check,1.977138
stress,stress-201-correct,topological-direct,1.251504
stress,stress-201-correct,recursive-reconstruct,1.235991
stress,stress-202-overfit,produce,10.742187
stress,stress-202-overfit,proof-check,2.282858
stress,stress-202-overfit,topological-direct,1.631227
stress,stress-202-overfit,recursive-reconstruct,1.086717
stress,stress-202-overfit,one-point-refutation,0.442437
stress,stress-203-regression,produce,10.54482
stress,stress-203-regression,proof-check,2.479243
stress,stress-203-regression,topological-direct,1.530064
stress,stress-203-regression,recursive-reconstruct,1.392307
stress,stress-203-regression,one-point-refutation,0.623239
stress,stress-204-undefined,produce,11.743085
stress,stress-204-undefined,proof-check,2.50325
stress,stress-204-undefined,topological-direct,1.657406
stress,stress-204-undefined,recursive-reconstruct,0.810431
stress,stress-204-undefined,one-point-refutation,0.449347
stress,stress-205-correct,produce,64.275518
stress,stress-205-correct,proof-check,2.227424
stress,stress-205-correct,topological-direct,1.247208
stress,stress-205-correct,recursive-reconstruct,1.270814
stress,stress-206-overfit,produce,9.888812
stress,stress-206-overfit,proof-check,2.378612
stress,stress-206-overfit,topological-direct,1.636554
stress,stress-206-overfit,recursive-reconstruct,1.097693
stress,stress-206-overfit,one-point-refutation,0.474544
stress,stress-207-regression,produce,11.472627
stress,stress-207-regression,proof-check,2.353976
stress,stress-207-regression,topological-direct,1.590235
stress,stress-207-regression,recursive-reconstruct,1.547411
stress,stress-207-regression,one-point-refutation,0.466312
stress,stress-208-undefined,produce,11.342652
stress,stress-208-undefined,proof-check,3.038727
stress,stress-208-undefined,topological-direct,1.919621
stress,stress-208-undefined,recursive-reconstruct,0.815999
stress,stress-208-undefined,one-point-refutation,0.494805
stress,stress-209-correct,produce,7.981481
stress,stress-209-correct,proof-check,2.036958
stress,stress-209-correct,topological-direct,1.30788
stress,stress-209-correct,recursive-reconstruct,1.403594
stress,stress-210-overfit,produce,9.619487
stress,stress-210-overfit,proof-check,2.27762
stress,stress-210-overfit,topological-direct,1.478447
stress,stress-210-overfit,recursive-reconstruct,1.248951
stress,stress-210-overfit,one-point-refutation,0.434654
stress,stress-211-regression,produce,9.735701
stress,stress-211-regression,proof-check,2.328406
stress,stress-211-regression,topological-direct,1.557866
stress,stress-211-regression,recursive-reconstruct,1.353959
stress,stress-211-regression,one-point-refutation,0.49804
stress,stress-212-undefined,produce,11.767721
stress,stress-212-undefined,proof-check,2.690452
stress,stress-212-undefined,topological-direct,1.690095
stress,stress-212-undefined,recursive-reconstruct,0.815448
stress,stress-212-undefined,one-point-refutation,0.419982
stress,stress-213-correct,produce,8.183805
stress,stress-213-correct,proof-check,2.036817
stress,stress-213-correct,topological-direct,1.271875
stress,stress-213-correct,recursive-reconstruct,1.450354
stress,stress-214-overfit,produce,9.779508
stress,stress-214-overfit,proof-check,2.316238
stress,stress-214-overfit,topological-direct,1.527581
stress,stress-214-overfit,recursive-reconstruct,1.28768
stress,stress-214-overfit,one-point-refutation,0.540464
stress,stress-215-regression,produce,10.993916
stress,stress-215-regression,proof-check,2.526005
stress,stress-215-regression,topological-direct,1.57349
stress,stress-215-regression,recursive-reconstruct,1.622824
stress,stress-215-regression,one-point-refutation,0.466572
stress,stress-216-undefined,produce,11.738107
stress,stress-216-undefined,proof-check,2.577392
stress,stress-216-undefined,topological-direct,1.937157
stress,stress-216-undefined,recursive-reconstruct,1.082961
stress,stress-216-undefined,one-point-refutation,0.509427
stress,stress-217-correct,produce,8.099007
stress,stress-217-correct,proof-check,2.063768
stress,stress-217-correct,topological-direct,1.246887
stress,stress-217-correct,recursive-reconstruct,1.224414
stress,stress-218-overfit,produce,9.97976
stress,stress-218-overfit,proof-check,2.279162
stress,stress-218-overfit,topological-direct,1.493839
stress,stress-218-overfit,recursive-reconstruct,1.330994
stress,stress-218-overfit,one-point-refutation,0.497369
stress,stress-219-regression,produce,13.450256
stress,stress-219-regression,proof-check,2.629771
stress,stress-219-regression,topological-direct,1.589354
stress,stress-219-regression,recursive-reconstruct,1.556124
stress,stress-219-regression,one-point-refutation,0.445821
stress,stress-220-undefined,produce,11.8789
stress,stress-220-undefined,proof-check,2.597392
stress,stress-220-undefined,topological-direct,1.674212
stress,stress-220-undefined,recursive-reconstruct,0.8102
stress,stress-220-undefined,one-point-refutation,0.565822
stress,stress-221-correct,produce,8.026909
stress,stress-221-correct,proof-check,1.987103
stress,stress-221-correct,topological-direct,1.260158
stress,stress-221-correct,recursive-reconstruct,1.432607
stress,stress-222-overfit,produce,9.705446
stress,stress-222-overfit,proof-check,2.328437
stress,stress-222-overfit,topological-direct,1.44113
stress,stress-222-overfit,recursive-reconstruct,1.12874
stress,stress-222-overfit,one-point-refutation,0.459342
stress,stress-223-regression,produce,10.337478
stress,stress-223-regression,proof-check,2.541337
stress,stress-223-regression,topological-direct,1.688373
stress,stress-223-regression,recursive-reconstruct,1.34764
stress,stress-223-regression,one-point-refutation,0.457459
stress,stress-224-undefined,produce,11.618267
stress,stress-224-undefined,proof-check,2.520286
stress,stress-224-undefined,topological-direct,1.603445
stress,stress-224-undefined,recursive-reconstruct,0.779204
stress,stress-224-undefined,one-point-refutation,0.412541
stress,stress-225-correct,produce,8.025406
stress,stress-225-correct,proof-check,2.404451
stress,stress-225-correct,topological-direct,1.316452
stress,stress-225-correct,recursive-reconstruct,1.382402
stress,stress-226-overfit,produce,9.874811
stress,stress-226-overfit,proof-check,2.320915
stress,stress-226-overfit,topological-direct,1.489734
stress,stress-226-overfit,recursive-reconstruct,1.463003
stress,stress-226-overfit,one-point-refutation,0.49113
stress,stress-227-regression,produce,10.277637
stress,stress-227-regression,proof-check,2.421818
stress,stress-227-regression,topological-direct,1.605688
stress,stress-227-regression,recursive-reconstruct,1.591076
stress,stress-227-regression,one-point-refutation,0.481344
stress,stress-228-undefined,produce,11.626699
stress,stress-228-undefined,proof-check,2.519745
stress,stress-228-undefined,topological-direct,1.612279
stress,stress-228-undefined,recursive-reconstruct,0.990482
stress,stress-228-undefined,one-point-refutation,0.414764
stress,stress-229-correct,produce,8.297256
stress,stress-229-correct,proof-check,2.056777
stress,stress-229-correct,topological-direct,1.323494
stress,stress-229-correct,recursive-reconstruct,1.387209
stress,stress-230-overfit,produce,9.909513
stress,stress-230-overfit,proof-check,2.271
stress,stress-230-overfit,topological-direct,1.510224
stress,stress-230-overfit,recursive-reconstruct,1.225505
stress,stress-230-overfit,one-point-refutation,0.475636
stress,stress-231-regression,produce,9.909773
stress,stress-231-regression,proof-check,2.401336
stress,stress-231-regression,topological-direct,1.562483
stress,stress-231-regression,recursive-reconstruct,1.593721
stress,stress-231-regression,one-point-refutation,0.483227
stress,stress-232-undefined,produce,11.164754
stress,stress-232-undefined,proof-check,2.444602
stress,stress-232-undefined,topological-direct,1.669695
stress,stress-232-undefined,recursive-reconstruct,0.801527
stress,stress-232-undefined,one-point-refutation,0.422156
stress,stress-233-correct,produce,7.831254
stress,stress-233-correct,proof-check,1.99217
stress,stress-233-correct,topological-direct,1.262
stress,stress-233-correct,recursive-reconstruct,1.349652
stress,stress-234-overfit,produce,9.617364
stress,stress-234-overfit,proof-check,2.234185
stress,stress-234-overfit,topological-direct,1.761163
stress,stress-234-overfit,recursive-reconstruct,1.144634
stress,stress-234-overfit,one-point-refutation,0.455736
stress,stress-235-regression,produce,9.994822
stress,stress-235-regression,proof-check,2.340485
stress,stress-235-regression,topological-direct,2.060132
stress,stress-235-regression,recursive-reconstruct,1.639329
stress,stress-235-regression,one-point-refutation,0.569778
stress,stress-236-undefined,produce,11.650065
stress,stress-236-undefined,proof-check,2.528277
stress,stress-236-undefined,topological-direct,1.692169
stress,stress-236-undefined,recursive-reconstruct,0.773495
stress,stress-236-undefined,one-point-refutation,0.420002
stress,stress-237-correct,produce,8.331708
stress,stress-237-correct,proof-check,2.05175
stress,stress-237-correct,topological-direct,1.260749
stress,stress-237-correct,recursive-reconstruct,1.23522
stress,stress-238-overfit,produce,9.941862
stress,stress-238-overfit,proof-check,2.311421
stress,stress-238-overfit,topological-direct,1.499719
stress,stress-238-overfit,recursive-reconstruct,1.096802
stress,stress-238-overfit,one-point-refutation,0.449487
stress,stress-239-regression,produce,10.218389
stress,stress-239-regression,proof-check,2.879386
stress,stress-239-regression,topological-direct,1.638086
stress,stress-239-regression,recursive-reconstruct,1.370694
stress,stress-239-regression,one-point-refutation,0.498831
stress,stress-240-undefined,produce,11.827642
stress,stress-240-undefined,proof-check,2.778685
stress,stress-240-undefined,topological-direct,1.609314
stress,stress-240-undefined,recursive-reconstruct,0.811462
stress,stress-240-undefined,one-point-refutation,0.448515
stress,stress-241-correct,produce,7.95498
stress,stress-241-correct,proof-check,1.982886
stress,stress-241-correct,topological-direct,1.229281
stress,stress-241-correct,recursive-reconstruct,1.355171
stress,stress-242-overfit,produce,9.728751
stress,stress-242-overfit,proof-check,2.298271
stress,stress-242-overfit,topological-direct,1.529182
stress,stress-242-overfit,recursive-reconstruct,1.04951
stress,stress-242-overfit,one-point-refutation,0.437208
stress,stress-243-regression,produce,10.144999
stress,stress-243-regression,proof-check,2.407956
stress,stress-243-regression,topological-direct,1.588292
stress,stress-243-regression,recursive-reconstruct,1.400669
stress,stress-243-regression,one-point-refutation,0.534044
stress,stress-244-undefined,produce,11.564336
stress,stress-244-undefined,proof-check,2.458152
stress,stress-244-undefined,topological-direct,1.630315
stress,stress-244-undefined,recursive-reconstruct,0.794747
stress,stress-244-undefined,one-point-refutation,0.447153
stress,stress-245-correct,produce,7.980889
stress,stress-245-correct,proof-check,1.934834
stress,stress-245-correct,topological-direct,1.247739
stress,stress-245-correct,recursive-reconstruct,1.353689
stress,stress-246-overfit,produce,9.710734
stress,stress-246-overfit,proof-check,2.286644
stress,stress-246-overfit,topological-direct,1.505818
stress,stress-246-overfit,recursive-reconstruct,1.059917
stress,stress-246-overfit,one-point-refutation,0.771441
stress,stress-247-regression,produce,10.797671
stress,stress-247-regression,proof-check,2.436089
stress,stress-247-regression,topological-direct,1.607361
stress,stress-247-regression,recursive-reconstruct,1.649524
stress,stress-247-regression,one-point-refutation,0.488095
stress,stress-248-undefined,produce,11.566359
stress,stress-248-undefined,proof-check,2.509599
stress,stress-248-undefined,topological-direct,1.577996
stress,stress-248-undefined,recursive-reconstruct,0.789339
stress,stress-248-undefined,one-point-refutation,0.474595
stress,stress-249-correct,produce,7.70234
stress,stress-249-correct,proof-check,1.984549
stress,stress-249-correct,topological-direct,1.264565
stress,stress-249-correct,recursive-reconstruct,1.363323
stress,stress-250-overfit,produce,9.888291
stress,stress-250-overfit,proof-check,2.316779
stress,stress-250-overfit,topological-direct,1.538957
stress,stress-250-overfit,recursive-reconstruct,1.239657
stress,stress-250-overfit,one-point-refutation,0.475256
stress,stress-251-regression,produce,9.862203
stress,stress-251-regression,proof-check,2.340094
stress,stress-251-regression,topological-direct,1.532918
stress,stress-251-regression,recursive-reconstruct,1.524125
stress,stress-251-regression,one-point-refutation,0.454976
stress,stress-252-undefined,produce,11.871138
stress,stress-252-undefined,proof-check,2.495758
stress,stress-252-undefined,topological-direct,1.604596
stress,stress-252-undefined,recursive-reconstruct,1.03612
stress,stress-252-undefined,one-point-refutation,0.470108
stress,stress-253-correct,produce,8.292768
stress,stress-253-correct,proof-check,2.009657
stress,stress-253-correct,topological-direct,1.333068
stress,stress-253-correct,recursive-reconstruct,1.203152
stress,stress-254-overfit,produce,9.807551
stress,stress-254-overfit,proof-check,2.296478
stress,stress-254-overfit,topological-direct,1.477385
stress,stress-254-overfit,recursive-reconstruct,1.320429
stress,stress-254-overfit,one-point-refutation,0.665442
stress,stress-255-regression,produce,10.380323
stress,stress-255-regression,proof-check,2.405603
stress,stress-255-regression,topological-direct,1.56027
stress,stress-255-regression,recursive-reconstruct,1.563524
stress,stress-255-regression,one-point-refutation,0.473773
stress,stress-256-undefined,produce,10.980276
stress,stress-256-undefined,proof-check,2.621618
stress,stress-256-undefined,topological-direct,1.601172
stress,stress-256-undefined,recursive-reconstruct,0.769179
stress,stress-256-undefined,one-point-refutation,0.410979
stress,stress-257-correct,produce,7.964494
stress,stress-257-correct,proof-check,2.011109
stress,stress-257-correct,topological-direct,1.235641
stress,stress-257-correct,recursive-reconstruct,1.369111
stress,stress-258-overfit,produce,10.078328
stress,stress-258-overfit,proof-check,2.302147
stress,stress-258-overfit,topological-direct,1.505407
stress,stress-258-overfit,recursive-reconstruct,1.270744
stress,stress-258-overfit,one-point-refutation,0.571931
stress,stress-259-regression,produce,10.746133
stress,stress-259-regression,proof-check,2.353124
stress,stress-259-regression,topological-direct,1.628823
stress,stress-259-regression,recursive-reconstruct,1.536655
stress,stress-259-regression,one-point-refutation,0.494845
stress,stress-260-undefined,produce,11.534801
stress,stress-260-undefined,proof-check,2.481427
stress,stress-260-undefined,topological-direct,1.591517
stress,stress-260-undefined,recursive-reconstruct,0.810521
stress,stress-260-undefined,one-point-refutation,0.436006
stress,stress-261-correct,produce,8.024665
stress,stress-261-correct,proof-check,1.977768
stress,stress-261-correct,topological-direct,1.291335
stress,stress-261-correct,recursive-reconstruct,1.364715
stress,stress-262-overfit,produce,10.206311
stress,stress-262-overfit,proof-check,2.427455
stress,stress-262-overfit,topological-direct,1.478987
stress,stress-262-overfit,recursive-reconstruct,1.258415
stress,stress-262-overfit,one-point-refutation,0.440133
stress,stress-263-regression,produce,10.052609
stress,stress-263-regression,proof-check,2.355758
stress,stress-263-regression,topological-direct,1.56722
stress,stress-263-regression,recursive-reconstruct,1.579389
stress,stress-263-regression,one-point-refutation,0.453152
stress,stress-264-undefined,produce,11.332136
stress,stress-264-undefined,proof-check,2.468077
stress,stress-264-undefined,topological-direct,1.645418
stress,stress-264-undefined,recursive-reconstruct,0.956109
stress,stress-264-undefined,one-point-refutation,0.424149
stress,stress-265-correct,produce,8.109623
stress,stress-265-correct,proof-check,1.997118
stress,stress-265-correct,topological-direct,1.262001
stress,stress-265-correct,recursive-reconstruct,1.179006
stress,stress-266-overfit,produce,9.959689
stress,stress-266-overfit,proof-check,2.307896
stress,stress-266-overfit,topological-direct,1.484776
stress,stress-266-overfit,recursive-reconstruct,1.063382
stress,stress-266-overfit,one-point-refutation,0.441255
stress,stress-267-regression,produce,10.449226
stress,stress-267-regression,proof-check,2.776912
stress,stress-267-regression,topological-direct,1.622954
stress,stress-267-regression,recursive-reconstruct,1.358466
stress,stress-267-regression,one-point-refutation,0.4911
stress,stress-268-undefined,produce,58.112507
stress,stress-268-undefined,proof-check,2.606625
stress,stress-268-undefined,topological-direct,1.618858
stress,stress-268-undefined,recursive-reconstruct,0.921158
stress,stress-268-undefined,one-point-refutation,0.441304
stress,stress-269-correct,produce,7.930263
stress,stress-269-correct,proof-check,1.984729
stress,stress-269-correct,topological-direct,1.25523
stress,stress-269-correct,recursive-reconstruct,1.353999
stress,stress-270-overfit,produce,10.300201
stress,stress-270-overfit,proof-check,2.269537
stress,stress-270-overfit,topological-direct,1.495863
stress,stress-270-overfit,recursive-reconstruct,1.105686
stress,stress-270-overfit,one-point-refutation,0.52398
stress,stress-271-regression,produce,10.136065
stress,stress-271-regression,proof-check,2.415107
stress,stress-271-regression,topological-direct,1.691968
stress,stress-271-regression,recursive-reconstruct,1.345796
stress,stress-271-regression,one-point-refutation,0.44454
stress,stress-272-undefined,produce,11.489834
stress,stress-272-undefined,proof-check,2.60337
stress,stress-272-undefined,topological-direct,1.622744
stress,stress-272-undefined,recursive-reconstruct,0.815899
stress,stress-272-undefined,one-point-refutation,0.424259
stress,stress-273-correct,produce,7.936132
stress,stress-273-correct,proof-check,1.969386
stress,stress-273-correct,topological-direct,1.288651
stress,stress-273-correct,recursive-reconstruct,1.385427
stress,stress-274-overfit,produce,9.809754
stress,stress-274-overfit,proof-check,2.564623
stress,stress-274-overfit,topological-direct,1.510314
stress,stress-274-overfit,recursive-reconstruct,1.500119
stress,stress-274-overfit,one-point-refutation,0.466262
stress,stress-275-regression,produce,10.078629
stress,stress-275-regression,proof-check,2.47677
stress,stress-275-regression,topological-direct,1.596775
stress,stress-275-regression,recursive-reconstruct,1.517966
stress,stress-275-regression,one-point-refutation,0.624831
stress,stress-276-undefined,produce,11.603444
stress,stress-276-undefined,proof-check,2.558783
stress,stress-276-undefined,topological-direct,1.640871
stress,stress-276-undefined,recursive-reconstruct,0.798662
stress,stress-276-undefined,one-point-refutation,0.456597
stress,stress-277-correct,produce,10.079209
stress,stress-277-correct,proof-check,2.489969
stress,stress-277-correct,topological-direct,1.71276
stress,stress-277-correct,recursive-reconstruct,1.230513
stress,stress-278-overfit,produce,10.283066
stress,stress-278-overfit,proof-check,2.588578
stress,stress-278-overfit,topological-direct,1.588342
stress,stress-278-overfit,recursive-reconstruct,1.14913
stress,stress-278-overfit,one-point-refutation,0.475607
stress,stress-279-regression,produce,10.563018
stress,stress-279-regression,proof-check,2.45652
stress,stress-279-regression,topological-direct,1.641012
stress,stress-279-regression,recursive-reconstruct,1.4149
stress,stress-279-regression,one-point-refutation,0.448947
stress,stress-280-undefined,produce,12.413915
stress,stress-280-undefined,proof-check,2.48309
stress,stress-280-undefined,topological-direct,1.712099
stress,stress-280-undefined,recursive-reconstruct,0.775288
stress,stress-280-undefined,one-point-refutation,0.414804
stress,stress-281-correct,produce,7.954299
stress,stress-281-correct,proof-check,2.394867
stress,stress-281-correct,topological-direct,1.304805
stress,stress-281-correct,recursive-reconstruct,1.451907
stress,stress-282-overfit,produce,9.684124
stress,stress-282-overfit,proof-check,2.28466
stress,stress-282-overfit,topological-direct,1.484315
stress,stress-282-overfit,recursive-reconstruct,1.210363
stress,stress-282-overfit,one-point-refutation,0.488075
stress,stress-283-regression,produce,10.117507
stress,stress-283-regression,proof-check,2.371382
stress,stress-283-regression,topological-direct,1.522503
stress,stress-283-regression,recursive-reconstruct,1.60737
stress,stress-283-regression,one-point-refutation,0.462697
stress,stress-284-undefined,produce,10.953055
stress,stress-284-undefined,proof-check,2.445544
stress,stress-284-undefined,topological-direct,1.657076
stress,stress-284-undefined,recursive-reconstruct,0.764241
stress,stress-284-undefined,one-point-refutation,0.423958
stress,stress-285-correct,produce,7.963783
stress,stress-285-correct,proof-check,1.98529
stress,stress-285-correct,topological-direct,1.272437
stress,stress-285-correct,recursive-reconstruct,1.381861
stress,stress-286-overfit,produce,10.165539
stress,stress-286-overfit,proof-check,2.405252
stress,stress-286-overfit,topological-direct,1.505017
stress,stress-286-overfit,recursive-reconstruct,1.288671
stress,stress-286-overfit,one-point-refutation,0.47775
stress,stress-287-regression,produce,9.863875
stress,stress-287-regression,proof-check,2.326253
stress,stress-287-regression,topological-direct,1.50048
stress,stress-287-regression,recursive-reconstruct,1.365367
stress,stress-287-regression,one-point-refutation,0.442056
stress,stress-288-undefined,produce,11.298816
stress,stress-288-undefined,proof-check,2.493095
stress,stress-288-undefined,topological-direct,1.703405
stress,stress-288-undefined,recursive-reconstruct,0.786504
stress,stress-288-undefined,one-point-refutation,0.413253
stress,stress-289-correct,produce,8.06759
stress,stress-289-correct,proof-check,1.972731
stress,stress-289-correct,topological-direct,1.241209
stress,stress-289-correct,recursive-reconstruct,1.702143
stress,stress-290-overfit,produce,9.668871
stress,stress-290-overfit,proof-check,2.255357
stress,stress-290-overfit,topological-direct,1.448562
stress,stress-290-overfit,recursive-reconstruct,1.292166
stress,stress-290-overfit,one-point-refutation,0.474805
stress,stress-291-regression,produce,9.885467
stress,stress-291-regression,proof-check,2.333805
stress,stress-291-regression,topological-direct,1.583855
stress,stress-291-regression,recursive-reconstruct,1.530435
stress,stress-291-regression,one-point-refutation,0.446332
stress,stress-292-undefined,produce,11.610124
stress,stress-292-undefined,proof-check,2.538333
stress,stress-292-undefined,topological-direct,1.654481
stress,stress-292-undefined,recursive-reconstruct,0.807596
stress,stress-292-undefined,one-point-refutation,0.409326
stress,stress-293-correct,produce,8.050524
stress,stress-293-correct,proof-check,1.991099
stress,stress-293-correct,topological-direct,1.297864
stress,stress-293-correct,recursive-reconstruct,1.219536
stress,stress-294-overfit,produce,9.856223
stress,stress-294-overfit,proof-check,2.281776
stress,stress-294-overfit,topological-direct,1.47415
stress,stress-294-overfit,recursive-reconstruct,1.087167
stress,stress-294-overfit,one-point-refutation,0.437399
stress,stress-295-regression,produce,10.188784
stress,stress-295-regression,proof-check,2.389609
stress,stress-295-regression,topological-direct,1.654431
stress,stress-295-regression,recursive-reconstruct,1.541331
stress,stress-295-regression,one-point-refutation,0.440283
stress,stress-296-undefined,produce,11.170402
stress,stress-296-undefined,proof-check,2.619686
stress,stress-296-undefined,topological-direct,1.631036
stress,stress-296-undefined,recursive-reconstruct,0.755898
stress,stress-296-undefined,one-point-refutation,0.421144
stress,stress-297-correct,produce,7.953667
stress,stress-297-correct,proof-check,2.013202
stress,stress-297-correct,topological-direct,1.236933
stress,stress-297-correct,recursive-reconstruct,1.372487
stress,stress-298-overfit,produce,9.95342
stress,stress-298-overfit,proof-check,2.596981
stress,stress-298-overfit,topological-direct,1.583675
stress,stress-298-overfit,recursive-reconstruct,1.401451
stress,stress-298-overfit,one-point-refutation,0.540614
stress,stress-299-regression,produce,10.931182
stress,stress-299-regression,proof-check,2.419264
stress,stress-299-regression,topological-direct,1.590956
stress,stress-299-regression,recursive-reconstruct,1.596003
stress,stress-299-regression,one-point-refutation,0.442997
stress,stress-300-undefined,produce,11.343403
stress,stress-300-undefined,proof-check,2.460425
stress,stress-300-undefined,topological-direct,1.634361
stress,stress-300-undefined,recursive-reconstruct,0.793696
stress,stress-300-undefined,one-point-refutation,0.474344
