repeat,id,method,milliseconds
0,fixture-01-correct,proof-check,2.039081
0,fixture-01-correct,topological-direct,0.972735
0,fixture-01-correct,recursive-reconstruct,0.918313
0,fixture-02-correct,proof-check,1.382652
0,fixture-02-correct,topological-direct,0.801247
0,fixture-02-correct,recursive-reconstruct,1.445797
0,fixture-03-correct,proof-check,1.562664
0,fixture-03-correct,topological-direct,0.999666
0,fixture-03-correct,recursive-reconstruct,1.219186
0,fixture-04-correct,proof-check,1.642383
0,fixture-04-correct,topological-direct,1.426869
0,fixture-04-correct,recursive-reconstruct,3.773844
0,fixture-05-correct,proof-check,3.59228
0,fixture-05-correct,topological-direct,0.981167
0,fixture-05-correct,recursive-reconstruct,1.592458
0,fixture-06-correct,proof-check,2.116237
0,fixture-06-correct,topological-direct,1.280068
0,fixture-06-correct,recursive-reconstruct,1.419028
0,fixture-07-correct,proof-check,1.519288
0,fixture-07-correct,topological-direct,1.086776
0,fixture-07-correct,recursive-reconstruct,1.507701
0,fixture-08-correct,proof-check,1.850306
0,fixture-08-correct,topological-direct,1.06262
0,fixture-08-correct,recursive-reconstruct,1.226708
0,fixture-09-correct,proof-check,2.267715
0,fixture-09-correct,topological-direct,1.460119
0,fixture-09-correct,recursive-reconstruct,1.264474
0,fixture-10-correct,proof-check,2.494236
0,fixture-10-correct,topological-direct,1.479719
0,fixture-10-correct,recursive-reconstruct,1.60666
0,fixture-11-correct,proof-check,2.251841
0,fixture-11-correct,topological-direct,3.006848
0,fixture-11-correct,recursive-reconstruct,1.418436
0,fixture-12-correct,proof-check,1.894614
0,fixture-12-correct,topological-direct,1.177042
0,fixture-12-correct,recursive-reconstruct,1.329452
0,fixture-13-correct,proof-check,2.031199
0,fixture-13-correct,topological-direct,1.243933
0,fixture-13-correct,recursive-reconstruct,1.44781
0,fixture-14-correct,proof-check,1.866982
0,fixture-14-correct,topological-direct,2.0186
0,fixture-14-correct,recursive-reconstruct,1.969747
0,fixture-15-correct,proof-check,2.059552
0,fixture-15-correct,topological-direct,1.094168
0,fixture-15-correct,recursive-reconstruct,2.295256
0,fixture-16-correct,proof-check,3.026297
0,fixture-16-correct,topological-direct,1.774813
0,fixture-16-correct,recursive-reconstruct,2.325081
0,fixture-17-correct,proof-check,2.607677
0,fixture-17-correct,topological-direct,1.62049
0,fixture-17-correct,recursive-reconstruct,1.430604
0,fixture-18-correct,proof-check,2.435969
0,fixture-18-correct,topological-direct,1.723846
0,fixture-18-correct,recursive-reconstruct,2.309097
0,fixture-19-correct,proof-check,2.483069
0,fixture-19-correct,topological-direct,2.776081
0,fixture-19-correct,recursive-reconstruct,4.676092
0,fixture-20-correct,proof-check,2.442448
0,fixture-20-correct,topological-direct,1.311024
0,fixture-20-correct,recursive-reconstruct,1.406278
1,fixture-01-correct,proof-check,1.91878
1,fixture-01-correct,topological-direct,0.965434
1,fixture-01-correct,recursive-reconstruct,3.706753
1,fixture-02-correct,proof-check,2.234686
1,fixture-02-correct,topological-direct,2.903923
1,fixture-02-correct,recursive-reconstruct,2.048976
1,fixture-03-correct,proof-check,1.964538
1,fixture-03-correct,topological-direct,1.079526
1,fixture-03-correct,recursive-reconstruct,1.112636
1,fixture-04-correct,proof-check,1.889355
1,fixture-04-correct,topological-direct,0.919986
1,fixture-04-correct,recursive-reconstruct,1.151123
1,fixture-05-correct,proof-check,1.522743
1,fixture-05-correct,topological-direct,0.920416
1,fixture-05-correct,recursive-reconstruct,1.004843
1,fixture-06-correct,proof-check,1.865088
1,fixture-06-correct,topological-direct,0.919685
1,fixture-06-correct,recursive-reconstruct,1.106477
1,fixture-07-correct,proof-check,1.478997
1,fixture-07-correct,topological-direct,0.904862
1,fixture-07-correct,recursive-reconstruct,1.345707
1,fixture-08-correct,proof-check,1.890807
1,fixture-08-correct,topological-direct,1.001388
1,fixture-08-correct,recursive-reconstruct,0.999585
1,fixture-09-correct,proof-check,2.647748
1,fixture-09-correct,topological-direct,1.496304
1,fixture-09-correct,recursive-reconstruct,1.376392
1,fixture-10-correct,proof-check,2.501927
1,fixture-10-correct,topological-direct,1.472047
1,fixture-10-correct,recursive-reconstruct,1.336272
1,fixture-11-correct,proof-check,1.645088
1,fixture-11-correct,topological-direct,1.014949
1,fixture-11-correct,recursive-reconstruct,1.232927
1,fixture-12-correct,proof-check,1.66028
1,fixture-12-correct,topological-direct,1.284885
1,fixture-12-correct,recursive-reconstruct,1.17513
1,fixture-13-correct,proof-check,1.720802
1,fixture-13-correct,topological-direct,1.290394
1,fixture-13-correct,recursive-reconstruct,1.669474
1,fixture-14-correct,proof-check,2.419344
1,fixture-14-correct,topological-direct,1.116081
1,fixture-14-correct,recursive-reconstruct,1.412537
1,fixture-15-correct,proof-check,1.641513
1,fixture-15-correct,topological-direct,1.001859
1,fixture-15-correct,recursive-reconstruct,1.28809
1,fixture-16-correct,proof-check,1.904808
1,fixture-16-correct,topological-direct,1.364555
1,fixture-16-correct,recursive-reconstruct,1.435131
1,fixture-17-correct,proof-check,2.347386
1,fixture-17-correct,topological-direct,1.517496
1,fixture-17-correct,recursive-reconstruct,1.319928
1,fixture-18-correct,proof-check,1.976357
1,fixture-18-correct,topological-direct,1.322742
1,fixture-18-correct,recursive-reconstruct,1.514931
1,fixture-19-correct,proof-check,2.033983
1,fixture-19-correct,topological-direct,1.045925
1,fixture-19-correct,recursive-reconstruct,1.2617
1,fixture-20-correct,proof-check,1.896706
1,fixture-20-correct,topological-direct,1.234018
1,fixture-20-correct,recursive-reconstruct,1.194049
2,fixture-01-correct,proof-check,1.406809
2,fixture-01-correct,topological-direct,0.944392
2,fixture-01-correct,recursive-reconstruct,1.136832
2,fixture-02-correct,proof-check,1.654241
2,fixture-02-correct,topological-direct,0.975129
2,fixture-02-correct,recursive-reconstruct,1.146277
2,fixture-03-correct,proof-check,1.813121
2,fixture-03-correct,topological-direct,0.957312
2,fixture-03-correct,recursive-reconstruct,1.000577
2,fixture-04-correct,proof-check,1.516894
2,fixture-04-correct,topological-direct,0.874567
2,fixture-04-correct,recursive-reconstruct,1.061018
2,fixture-05-correct,proof-check,1.517986
2,fixture-05-correct,topological-direct,0.914056
2,fixture-05-correct,recursive-reconstruct,0.945083
2,fixture-06-correct,proof-check,1.466538
2,fixture-06-correct,topological-direct,0.875349
2,fixture-06-correct,recursive-reconstruct,1.080327
2,fixture-07-correct,proof-check,1.840551
2,fixture-07-correct,topological-direct,1.064714
2,fixture-07-correct,recursive-reconstruct,1.112926
2,fixture-08-correct,proof-check,1.640251
2,fixture-08-correct,topological-direct,1.067958
2,fixture-08-correct,recursive-reconstruct,0.961118
2,fixture-09-correct,proof-check,2.161786
2,fixture-09-correct,topological-direct,1.383434
2,fixture-09-correct,recursive-reconstruct,1.581461
2,fixture-10-correct,proof-check,2.185301
2,fixture-10-correct,topological-direct,2.703051
2,fixture-10-correct,recursive-reconstruct,1.359517
2,fixture-11-correct,proof-check,2.2316
2,fixture-11-correct,topological-direct,1.064033
2,fixture-11-correct,recursive-reconstruct,4.591925
2,fixture-12-correct,proof-check,3.104506
2,fixture-12-correct,topological-direct,1.079075
2,fixture-12-correct,recursive-reconstruct,2.62028
2,fixture-13-correct,proof-check,1.868524
2,fixture-13-correct,topological-direct,1.229502
2,fixture-13-correct,recursive-reconstruct,1.161649
2,fixture-14-correct,proof-check,2.331751
2,fixture-14-correct,topological-direct,1.149722
2,fixture-14-correct,recursive-reconstruct,3.243434
2,fixture-15-correct,proof-check,3.808325
2,fixture-15-correct,topological-direct,1.212116
2,fixture-15-correct,recursive-reconstruct,2.622289
2,fixture-16-correct,proof-check,2.036867
2,fixture-16-correct,topological-direct,1.989416
2,fixture-16-correct,recursive-reconstruct,3.361883
2,fixture-17-correct,proof-check,5.253391
2,fixture-17-correct,topological-direct,4.606468
2,fixture-17-correct,recursive-reconstruct,5.439913
2,fixture-18-correct,proof-check,6.59365
2,fixture-18-correct,topological-direct,1.577115
2,fixture-18-correct,recursive-reconstruct,3.248872
2,fixture-19-correct,proof-check,1.949767
2,fixture-19-correct,topological-direct,0.794657
2,fixture-19-correct,recursive-reconstruct,1.620972
2,fixture-20-correct,proof-check,3.1867
2,fixture-20-correct,topological-direct,1.73277
2,fixture-20-correct,recursive-reconstruct,4.308639
3,fixture-01-correct,proof-check,2.136328
3,fixture-01-correct,topological-direct,1.323463
3,fixture-01-correct,recursive-reconstruct,1.762404
3,fixture-02-correct,proof-check,2.502399
3,fixture-02-correct,topological-direct,0.981609
3,fixture-02-correct,recursive-reconstruct,1.902025
3,fixture-03-correct,proof-check,2.687597
3,fixture-03-correct,topological-direct,1.363654
3,fixture-03-correct,recursive-reconstruct,2.177089
3,fixture-04-correct,proof-check,2.477151
3,fixture-04-correct,topological-direct,0.935088
3,fixture-04-correct,recursive-reconstruct,1.626019
3,fixture-05-correct,proof-check,2.032421
3,fixture-05-correct,topological-direct,1.122781
3,fixture-05-correct,recursive-reconstruct,2.1114
3,fixture-06-correct,proof-check,1.71375
3,fixture-06-correct,topological-direct,1.041127
3,fixture-06-correct,recursive-reconstruct,1.54077
3,fixture-07-correct,proof-check,1.524115
3,fixture-07-correct,topological-direct,1.041048
3,fixture-07-correct,recursive-reconstruct,1.322832
3,fixture-08-correct,proof-check,1.934794
3,fixture-08-correct,topological-direct,1.261189
3,fixture-08-correct,recursive-reconstruct,1.079166
3,fixture-09-correct,proof-check,2.457571
3,fixture-09-correct,topological-direct,1.450234
3,fixture-09-correct,recursive-reconstruct,1.286838
3,fixture-10-correct,proof-check,4.691866
3,fixture-10-correct,topological-direct,3.763107
3,fixture-10-correct,recursive-reconstruct,2.969091
3,fixture-11-correct,proof-check,2.01173
3,fixture-11-correct,topological-direct,1.203242
3,fixture-11-correct,recursive-reconstruct,1.062991
3,fixture-12-correct,proof-check,2.016677
3,fixture-12-correct,topological-direct,1.24792
3,fixture-12-correct,recursive-reconstruct,1.455151
3,fixture-13-correct,proof-check,2.633916
3,fixture-13-correct,topological-direct,1.304785
3,fixture-13-correct,recursive-reconstruct,1.164784
3,fixture-14-correct,proof-check,2.245822
3,fixture-14-correct,topological-direct,1.217844
3,fixture-14-correct,recursive-reconstruct,1.1554
3,fixture-15-correct,proof-check,1.729664
3,fixture-15-correct,topological-direct,1.058114
3,fixture-15-correct,recursive-reconstruct,1.458206
3,fixture-16-correct,proof-check,2.077148
3,fixture-16-correct,topological-direct,1.344785
3,fixture-16-correct,recursive-reconstruct,1.390414
3,fixture-17-correct,proof-check,2.693977
3,fixture-17-correct,topological-direct,1.639419
3,fixture-17-correct,recursive-reconstruct,1.755424
3,fixture-18-correct,proof-check,2.256789
3,fixture-18-correct,topological-direct,1.30857
3,fixture-18-correct,recursive-reconstruct,1.635132
3,fixture-19-correct,proof-check,1.349112
3,fixture-19-correct,topological-direct,0.832183
3,fixture-19-correct,recursive-reconstruct,1.283533
3,fixture-20-correct,proof-check,5.209535
3,fixture-20-correct,topological-direct,9.362901
3,fixture-20-correct,recursive-reconstruct,1.439808
4,fixture-01-correct,proof-check,1.64665
4,fixture-01-correct,topological-direct,0.944162
4,fixture-01-correct,recursive-reconstruct,1.639188
4,fixture-02-correct,proof-check,1.45428
4,fixture-02-correct,topological-direct,0.837882
4,fixture-02-correct,recursive-reconstruct,1.213748
4,fixture-03-correct,proof-check,1.549243
4,fixture-03-correct,topological-direct,0.960907
4,fixture-03-correct,recursive-reconstruct,1.039155
4,fixture-04-correct,proof-check,3.577478
4,fixture-04-correct,topological-direct,2.080644
4,fixture-04-correct,recursive-reconstruct,1.427089
4,fixture-05-correct,proof-check,1.543454
4,fixture-05-correct,topological-direct,0.926355
4,fixture-05-correct,recursive-reconstruct,1.051774
4,fixture-06-correct,proof-check,1.482443
4,fixture-06-correct,topological-direct,1.210624
4,fixture-06-correct,recursive-reconstruct,2.959738
4,fixture-07-correct,proof-check,3.56561
4,fixture-07-correct,topological-direct,1.500099
4,fixture-07-correct,recursive-reconstruct,1.265816
4,fixture-08-correct,proof-check,1.908884
4,fixture-08-correct,topological-direct,0.98241
4,fixture-08-correct,recursive-reconstruct,1.222881
4,fixture-09-correct,proof-check,4.043599
4,fixture-09-correct,topological-direct,1.874352
4,fixture-09-correct,recursive-reconstruct,1.466609
4,fixture-10-correct,proof-check,2.516299
4,fixture-10-correct,topological-direct,1.48022
4,fixture-10-correct,recursive-reconstruct,1.313087
4,fixture-11-correct,proof-check,1.745078
4,fixture-11-correct,topological-direct,1.020066
4,fixture-11-correct,recursive-reconstruct,0.964853
4,fixture-12-correct,proof-check,1.70658
4,fixture-12-correct,topological-direct,1.111634
4,fixture-12-correct,recursive-reconstruct,1.133457
4,fixture-13-correct,proof-check,2.438333
4,fixture-13-correct,topological-direct,1.219446
4,fixture-13-correct,recursive-reconstruct,1.625568
4,fixture-14-correct,proof-check,2.001014
4,fixture-14-correct,topological-direct,2.711584
4,fixture-14-correct,recursive-reconstruct,1.123712
4,fixture-15-correct,proof-check,1.994384
4,fixture-15-correct,topological-direct,0.999335
4,fixture-15-correct,recursive-reconstruct,1.397144
4,fixture-16-correct,proof-check,2.014374
4,fixture-16-correct,topological-direct,2.139922
4,fixture-16-correct,recursive-reconstruct,1.695073
4,fixture-17-correct,proof-check,2.312712
4,fixture-17-correct,topological-direct,1.710596
4,fixture-17-correct,recursive-reconstruct,1.363353
4,fixture-18-correct,proof-check,2.313043
4,fixture-18-correct,topological-direct,1.293288
4,fixture-18-correct,recursive-reconstruct,1.469092
4,fixture-19-correct,proof-check,1.716685
4,fixture-19-correct,topological-direct,0.854066
4,fixture-19-correct,recursive-reconstruct,1.732229
4,fixture-20-correct,proof-check,3.53953
4,fixture-20-correct,topological-direct,1.259227
4,fixture-20-correct,recursive-reconstruct,1.262812
5,fixture-01-correct,proof-check,1.604086
5,fixture-01-correct,topological-direct,1.094538
5,fixture-01-correct,recursive-reconstruct,2.278001
5,fixture-02-correct,proof-check,1.584326
5,fixture-02-correct,topological-direct,3.31955
5,fixture-02-correct,recursive-reconstruct,1.360529
5,fixture-03-correct,proof-check,1.581662
5,fixture-03-correct,topological-direct,0.94315
5,fixture-03-correct,recursive-reconstruct,1.185786
5,fixture-04-correct,proof-check,2.028825
5,fixture-04-correct,topological-direct,1.072595
5,fixture-04-correct,recursive-reconstruct,1.189111
5,fixture-05-correct,proof-check,1.531736
5,fixture-05-correct,topological-direct,1.051353
5,fixture-05-correct,recursive-reconstruct,1.219476
5,fixture-06-correct,proof-check,2.543711
5,fixture-06-correct,topological-direct,2.119913
5,fixture-06-correct,recursive-reconstruct,1.840372
5,fixture-07-correct,proof-check,2.480776
5,fixture-07-correct,topological-direct,2.278552
5,fixture-07-correct,recursive-reconstruct,1.178024
5,fixture-08-correct,proof-check,1.948915
5,fixture-08-correct,topological-direct,1.037993
5,fixture-08-correct,recursive-reconstruct,2.540626
5,fixture-09-correct,proof-check,2.922801
5,fixture-09-correct,topological-direct,1.636335
5,fixture-09-correct,recursive-reconstruct,1.355351
5,fixture-10-correct,proof-check,2.23825
5,fixture-10-correct,topological-direct,1.545938
5,fixture-10-correct,recursive-reconstruct,1.253768
5,fixture-11-correct,proof-check,1.693781
5,fixture-11-correct,topological-direct,1.367099
5,fixture-11-correct,recursive-reconstruct,1.220308
5,fixture-12-correct,proof-check,2.005881
5,fixture-12-correct,topological-direct,1.06278
5,fixture-12-correct,recursive-reconstruct,1.105245
5,fixture-13-correct,proof-check,2.16475
5,fixture-13-correct,topological-direct,1.097914
5,fixture-13-correct,recursive-reconstruct,1.116421
5,fixture-14-correct,proof-check,2.011419
5,fixture-14-correct,topological-direct,1.070062
5,fixture-14-correct,recursive-reconstruct,1.113727
5,fixture-15-correct,proof-check,1.902745
5,fixture-15-correct,topological-direct,0.994448
5,fixture-15-correct,recursive-reconstruct,1.671638
5,fixture-16-correct,proof-check,2.215206
5,fixture-16-correct,topological-direct,1.393779
5,fixture-16-correct,recursive-reconstruct,1.420118
5,fixture-17-correct,proof-check,2.259463
5,fixture-17-correct,topological-direct,1.548172
5,fixture-17-correct,recursive-reconstruct,1.326287
5,fixture-18-correct,proof-check,1.856826
5,fixture-18-correct,topological-direct,1.193628
5,fixture-18-correct,recursive-reconstruct,1.360279
5,fixture-19-correct,proof-check,1.602693
5,fixture-19-correct,topological-direct,0.82955
5,fixture-19-correct,recursive-reconstruct,1.178795
5,fixture-20-correct,proof-check,1.626019
5,fixture-20-correct,topological-direct,1.271165
5,fixture-20-correct,recursive-reconstruct,1.486118
6,fixture-01-correct,proof-check,2.488278
6,fixture-01-correct,topological-direct,1.012775
6,fixture-01-correct,recursive-reconstruct,1.32105
6,fixture-02-correct,proof-check,1.544285
6,fixture-02-correct,topological-direct,0.857612
6,fixture-02-correct,recursive-reconstruct,1.407029
6,fixture-03-correct,proof-check,1.770817
6,fixture-03-correct,topological-direct,1.072585
6,fixture-03-correct,recursive-reconstruct,1.381931
6,fixture-04-correct,proof-check,2.043227
6,fixture-04-correct,topological-direct,1.019505
6,fixture-04-correct,recursive-reconstruct,1.339166
6,fixture-05-correct,proof-check,1.72698
6,fixture-05-correct,topological-direct,1.563424
6,fixture-05-correct,recursive-reconstruct,2.196819
6,fixture-06-correct,proof-check,2.15179
6,fixture-06-correct,topological-direct,1.198165
6,fixture-06-correct,recursive-reconstruct,1.665628
6,fixture-07-correct,proof-check,1.946
6,fixture-07-correct,topological-direct,1.26827
6,fixture-07-correct,recursive-reconstruct,1.623015
6,fixture-08-correct,proof-check,2.19789
6,fixture-08-correct,topological-direct,1.491637
6,fixture-08-correct,recursive-reconstruct,1.528983
6,fixture-09-correct,proof-check,2.893458
6,fixture-09-correct,topological-direct,1.695574
6,fixture-09-correct,recursive-reconstruct,1.451977
6,fixture-10-correct,proof-check,3.946353
6,fixture-10-correct,topological-direct,1.82602
6,fixture-10-correct,recursive-reconstruct,1.287109
6,fixture-11-correct,proof-check,1.76661
6,fixture-11-correct,topological-direct,1.107518
6,fixture-11-correct,recursive-reconstruct,1.097834
6,fixture-12-correct,proof-check,1.796516
6,fixture-12-correct,topological-direct,1.123542
6,fixture-12-correct,recursive-reconstruct,1.112446
6,fixture-13-correct,proof-check,1.967753
6,fixture-13-correct,topological-direct,1.249351
6,fixture-13-correct,recursive-reconstruct,1.117853
6,fixture-14-correct,proof-check,1.980352
6,fixture-14-correct,topological-direct,1.249742
6,fixture-14-correct,recursive-reconstruct,1.252877
6,fixture-15-correct,proof-check,2.029156
6,fixture-15-correct,topological-direct,1.116121
6,fixture-15-correct,recursive-reconstruct,1.460629
6,fixture-16-correct,proof-check,3.169193
6,fixture-16-correct,topological-direct,1.503675
6,fixture-16-correct,recursive-reconstruct,1.731348
6,fixture-17-correct,proof-check,2.413365
6,fixture-17-correct,topological-direct,1.629875
6,fixture-17-correct,recursive-reconstruct,1.639059
6,fixture-18-correct,proof-check,3.098156
6,fixture-18-correct,topological-direct,1.707832
6,fixture-18-correct,recursive-reconstruct,1.549193
6,fixture-19-correct,proof-check,1.383734
6,fixture-19-correct,topological-direct,0.873736
6,fixture-19-correct,recursive-reconstruct,1.273608
6,fixture-20-correct,proof-check,1.644506
6,fixture-20-correct,topological-direct,1.428742
6,fixture-20-correct,recursive-reconstruct,2.311942
7,fixture-01-correct,proof-check,2.653637
7,fixture-01-correct,topological-direct,1.324575
7,fixture-01-correct,recursive-reconstruct,1.767402
7,fixture-02-correct,proof-check,1.482914
7,fixture-02-correct,topological-direct,1.544486
7,fixture-02-correct,recursive-reconstruct,1.754842
7,fixture-03-correct,proof-check,3.192338
7,fixture-03-correct,topological-direct,1.240648
7,fixture-03-correct,recursive-reconstruct,2.246123
7,fixture-04-correct,proof-check,2.726426
7,fixture-04-correct,topological-direct,1.573439
7,fixture-04-correct,recursive-reconstruct,1.911128
7,fixture-05-correct,proof-check,2.82217
7,fixture-05-correct,topological-direct,1.568863
7,fixture-05-correct,recursive-reconstruct,2.095797
7,fixture-06-correct,proof-check,4.746629
7,fixture-06-correct,topological-direct,1.376222
7,fixture-06-correct,recursive-reconstruct,1.280899
7,fixture-07-correct,proof-check,3.139828
7,fixture-07-correct,topological-direct,1.879781
7,fixture-07-correct,recursive-reconstruct,1.946651
7,fixture-08-correct,proof-check,1.667782
7,fixture-08-correct,topological-direct,1.22194
7,fixture-08-correct,recursive-reconstruct,1.172266
7,fixture-09-correct,proof-check,4.225603
7,fixture-09-correct,topological-direct,2.687998
7,fixture-09-correct,recursive-reconstruct,2.093633
7,fixture-10-correct,proof-check,3.431658
7,fixture-10-correct,topological-direct,1.85244
7,fixture-10-correct,recursive-reconstruct,1.656815
7,fixture-11-correct,proof-check,2.391371
7,fixture-11-correct,topological-direct,1.568292
7,fixture-11-correct,recursive-reconstruct,1.54689
7,fixture-12-correct,proof-check,2.474426
7,fixture-12-correct,topological-direct,1.413469
7,fixture-12-correct,recursive-reconstruct,1.421762
7,fixture-13-correct,proof-check,2.515508
7,fixture-13-correct,topological-direct,1.729334
7,fixture-13-correct,recursive-reconstruct,1.197243
7,fixture-14-correct,proof-check,2.019842
7,fixture-14-correct,topological-direct,1.267188
7,fixture-14-correct,recursive-reconstruct,1.153938
7,fixture-15-correct,proof-check,2.741949
7,fixture-15-correct,topological-direct,1.180678
7,fixture-15-correct,recursive-reconstruct,1.654302
7,fixture-16-correct,proof-check,2.896472
7,fixture-16-correct,topological-direct,2.293163
7,fixture-16-correct,recursive-reconstruct,1.544426
7,fixture-17-correct,proof-check,3.801835
7,fixture-17-correct,topological-direct,3.189433
7,fixture-17-correct,recursive-reconstruct,1.635923
7,fixture-18-correct,proof-check,2.895089
7,fixture-18-correct,topological-direct,1.744908
7,fixture-18-correct,recursive-reconstruct,2.030137
7,fixture-19-correct,proof-check,2.221045
7,fixture-19-correct,topological-direct,1.164594
7,fixture-19-correct,recursive-reconstruct,1.572488
7,fixture-20-correct,proof-check,1.928855
7,fixture-20-correct,topological-direct,1.247078
7,fixture-20-correct,recursive-reconstruct,1.472017
8,fixture-01-correct,proof-check,1.99171
8,fixture-01-correct,topological-direct,1.949456
8,fixture-01-correct,recursive-reconstruct,1.560746
8,fixture-02-correct,proof-check,2.376299
8,fixture-02-correct,topological-direct,1.223253
8,fixture-02-correct,recursive-reconstruct,1.209541
8,fixture-03-correct,proof-check,2.023116
8,fixture-03-correct,topological-direct,1.99902
8,fixture-03-correct,recursive-reconstruct,1.570455
8,fixture-04-correct,proof-check,2.12442
8,fixture-04-correct,topological-direct,0.943351
8,fixture-04-correct,recursive-reconstruct,1.329182
8,fixture-05-correct,proof-check,2.602249
8,fixture-05-correct,topological-direct,1.343363
8,fixture-05-correct,recursive-reconstruct,1.611517
8,fixture-06-correct,proof-check,4.839468
8,fixture-06-correct,topological-direct,1.844999
8,fixture-06-correct,recursive-reconstruct,1.509354
8,fixture-07-correct,proof-check,1.602513
8,fixture-07-correct,topological-direct,0.927046
8,fixture-07-correct,recursive-reconstruct,1.482803
8,fixture-08-correct,proof-check,1.935144
8,fixture-08-correct,topological-direct,1.051323
8,fixture-08-correct,recursive-reconstruct,0.966646
8,fixture-09-correct,proof-check,2.599755
8,fixture-09-correct,topological-direct,1.599849
8,fixture-09-correct,recursive-reconstruct,1.255791
8,fixture-10-correct,proof-check,2.457391
8,fixture-10-correct,topological-direct,2.639916
8,fixture-10-correct,recursive-reconstruct,2.691624
8,fixture-11-correct,proof-check,2.390259
8,fixture-11-correct,topological-direct,1.042149
8,fixture-11-correct,recursive-reconstruct,1.490014
8,fixture-12-correct,proof-check,2.320174
8,fixture-12-correct,topological-direct,1.448832
8,fixture-12-correct,recursive-reconstruct,1.712408
8,fixture-13-correct,proof-check,2.171831
8,fixture-13-correct,topological-direct,1.366718
8,fixture-13-correct,recursive-reconstruct,1.256202
8,fixture-14-correct,proof-check,2.838104
8,fixture-14-correct,topological-direct,1.225406
8,fixture-14-correct,recursive-reconstruct,1.296322
8,fixture-15-correct,proof-check,2.102786
8,fixture-15-correct,topological-direct,1.253999
8,fixture-15-correct,recursive-reconstruct,2.322398
8,fixture-16-correct,proof-check,2.982472
8,fixture-16-correct,topological-direct,1.337845
8,fixture-16-correct,recursive-reconstruct,1.484666
8,fixture-17-correct,proof-check,3.839342
8,fixture-17-correct,topological-direct,2.208296
8,fixture-17-correct,recursive-reconstruct,1.838528
8,fixture-18-correct,proof-check,3.451618
8,fixture-18-correct,topological-direct,2.343629
8,fixture-18-correct,recursive-reconstruct,2.496119
8,fixture-19-correct,proof-check,1.513339
8,fixture-19-correct,topological-direct,0.844362
8,fixture-19-correct,recursive-reconstruct,1.527751
8,fixture-20-correct,proof-check,2.429118
8,fixture-20-correct,topological-direct,1.596335
8,fixture-20-correct,recursive-reconstruct,1.873251
9,fixture-01-correct,proof-check,2.314536
9,fixture-01-correct,topological-direct,2.005541
9,fixture-01-correct,recursive-reconstruct,3.184005
9,fixture-02-correct,proof-check,2.083298
9,fixture-02-correct,topological-direct,1.705588
9,fixture-02-correct,recursive-reconstruct,1.707351
9,fixture-03-correct,proof-check,2.883072
9,fixture-03-correct,topological-direct,1.932741
9,fixture-03-correct,recursive-reconstruct,1.668523
9,fixture-04-correct,proof-check,2.843993
9,fixture-04-correct,topological-direct,1.071604
9,fixture-04-correct,recursive-reconstruct,5.775028
9,fixture-05-correct,proof-check,4.571415
9,fixture-05-correct,topological-direct,1.104753
9,fixture-05-correct,recursive-reconstruct,1.159326
9,fixture-06-correct,proof-check,1.50075
9,fixture-06-correct,topological-direct,0.886845
9,fixture-06-correct,recursive-reconstruct,1.145395
9,fixture-07-correct,proof-check,1.465006
9,fixture-07-correct,topological-direct,0.897632
9,fixture-07-correct,recursive-reconstruct,1.298756
9,fixture-08-correct,proof-check,3.794986
9,fixture-08-correct,topological-direct,1.043902
9,fixture-08-correct,recursive-reconstruct,1.079196
9,fixture-09-correct,proof-check,2.197349
9,fixture-09-correct,topological-direct,2.009707
9,fixture-09-correct,recursive-reconstruct,1.383113
9,fixture-10-correct,proof-check,2.251891
9,fixture-10-correct,topological-direct,1.421501
9,fixture-10-correct,recursive-reconstruct,1.912671
9,fixture-11-correct,proof-check,2.992827
9,fixture-11-correct,topological-direct,1.291105
9,fixture-11-correct,recursive-reconstruct,1.188469
9,fixture-12-correct,proof-check,1.812489
9,fixture-12-correct,topological-direct,1.032825
9,fixture-12-correct,recursive-reconstruct,1.19532
9,fixture-13-correct,proof-check,1.70663
9,fixture-13-correct,topological-direct,1.078133
9,fixture-13-correct,recursive-reconstruct,1.106356
9,fixture-14-correct,proof-check,1.906842
9,fixture-14-correct,topological-direct,1.356323
9,fixture-14-correct,recursive-reconstruct,1.080407
9,fixture-15-correct,proof-check,1.981775
9,fixture-15-correct,topological-direct,1.444735
9,fixture-15-correct,recursive-reconstruct,1.585188
9,fixture-16-correct,proof-check,2.973088
9,fixture-16-correct,topological-direct,2.031219
9,fixture-16-correct,recursive-reconstruct,1.461391
9,fixture-17-correct,proof-check,2.45691
9,fixture-17-correct,topological-direct,1.607521
9,fixture-17-correct,recursive-reconstruct,1.658828
9,fixture-18-correct,proof-check,3.643447
9,fixture-18-correct,topological-direct,1.87895
9,fixture-18-correct,recursive-reconstruct,1.801262
9,fixture-19-correct,proof-check,1.697757
9,fixture-19-correct,topological-direct,1.1286
9,fixture-19-correct,recursive-reconstruct,1.763225
9,fixture-20-correct,proof-check,2.565164
9,fixture-20-correct,topological-direct,1.802955
9,fixture-20-correct,recursive-reconstruct,1.760291
